PLAYER_ID,DRAFT_YEAR,DRAFT_NUM,PLAYER_NAME,PLAYER_DATA_URL
1,2000,1,Kenyon Martin,/players/m/martike01.html
2,2000,2,Stromile Swift,/players/s/swiftst01.html
3,2000,3,Darius Miles,/players/m/milesda01.html
4,2000,4,Marcus Fizer,/players/f/fizerma01.html
5,2000,5,Mike Miller,/players/m/millemi01.html
6,2000,6,DerMarr Johnson,/players/j/johnsde03.html
7,2000,7,Chris Mihm,/players/m/mihmch01.html
8,2000,8,Jamal Crawford,/players/c/crawfja01.html
9,2000,9,Joel Przybilla,/players/p/przybjo01.html
10,2000,10,Keyon Dooling,/players/d/doolike01.html
11,2000,11,Jerome Moiso,/players/m/moisoje01.html
12,2000,12,Etan Thomas,/players/t/thomaet01.html
13,2000,13,Courtney Alexander,/players/a/alexaco02.html
14,2000,14,Mateen Cleaves,/players/c/cleavma01.html
15,2000,15,Jason Collier,/players/c/collija02.html
16,2000,16,Hedo Turkoglu,/players/t/turkohe01.html
17,2000,17,Desmond Mason,/players/m/masonde01.html
18,2000,18,Quentin Richardson,/players/r/richaqu01.html
19,2000,19,Jamaal Magloire,/players/m/magloja01.html
20,2000,20,Speedy Claxton,/players/c/claxtsp01.html
21,2000,21,Morris Peterson,/players/p/petermo01.html
22,2000,22,Donnell Harvey,/players/h/harvedo01.html
23,2000,23,DeShawn Stevenson,/players/s/stevede01.html
24,2000,24,Dalibor Bagaric,/players/b/bagarda01.html
25,2000,25,Jake Tsakalidis,/players/t/tsakaja01.html
26,2000,26,Mamadou N'Diaye,/players/n/ndiayma02.html
27,2000,27,Primoz Brezec,/players/b/brezepr01.html
28,2000,28,Erick Barkley,/players/b/barkler01.html
29,2000,29,Mark Madsen,/players/m/madsema01.html
30,2000,30,Marko Jaric,/players/j/jaricma01.html
31,2000,31,Dan Langhi,/players/l/langhda01.html
32,2000,32,A.J. Guyton,/players/g/guytoaj01.html
33,2000,33,Jake Voskuhl,/players/v/voskuja01.html
34,2000,34,Khalid El-Amin,/players/e/elamikh01.html
35,2000,35,Mike Smith,/players/s/smithmi03.html
36,2000,36,Soumaila Samake,/players/s/samakso01.html
37,2000,37,Eddie House,/players/h/houseed01.html
38,2000,38,Eduardo Najera,/players/n/najered01.html
39,2000,39,Lavor Postell,/players/p/postela01.html
40,2000,40,Hanno Mottola,/players/m/mottoha01.html
41,2000,41,Chris Carrawell,No Link
42,2000,42,Olumide Oyedeji,/players/o/oyedeol01.html
43,2000,43,Michael Redd,/players/r/reddmi01.html
44,2000,44,Brian Cardinal,/players/c/cardibr01.html
45,2000,45,Jabari Smith,/players/s/smithja01.html
46,2000,46,DeeAndre Hulett,No Link
47,2000,47,Josip Sesar,No Link
48,2000,48,Mark Karcher,No Link
49,2000,49,Jason Hart,/players/h/hartja01.html
50,2000,50,Kaniel Dickens,/players/d/dickeka01.html
51,2000,51,Igor Rakocevic,/players/r/rakocig01.html
52,2000,52,Ernest Brown,/players/b/browner01.html
53,2000,53,Dan McClintock,/players/m/mcclida01.html
54,2000,54,Cory Hightower,No Link
55,2000,55,Chris Porter,/players/p/portech01.html
56,2000,56,Jaquay Walls,No Link
57,2000,57,Scoonie Penn,No Link
58,2000,58,Pete Mickeal,No Link
59,2001,1,Kwame Brown,/players/b/brownkw01.html
60,2001,2,Tyson Chandler,/players/c/chandty01.html
61,2001,3,Pau Gasol,/players/g/gasolpa01.html
62,2001,4,Eddy Curry,/players/c/curryed01.html
63,2001,5,Jason Richardson,/players/r/richaja01.html
64,2001,6,Shane Battier,/players/b/battish01.html
65,2001,7,Eddie Griffin,/players/g/griffed01.html
66,2001,8,DeSagana Diop,/players/d/diopde01.html
67,2001,9,Rodney White,/players/w/whitero02.html
68,2001,10,Joe Johnson,/players/j/johnsjo02.html
69,2001,11,Kedrick Brown,/players/b/brownke01.html
70,2001,12,Vladimir Radmanovic,/players/r/radmavl01.html
71,2001,13,Richard Jefferson,/players/j/jefferi01.html
72,2001,14,Troy Murphy,/players/m/murphtr01.html
73,2001,15,Steven Hunter,/players/h/huntest01.html
74,2001,16,Kirk Haston,/players/h/hastoki01.html
75,2001,17,Michael Bradley,/players/b/bradlmi01.html
76,2001,18,Jason Collins,/players/c/collija04.html
77,2001,19,Zach Randolph,/players/r/randoza01.html
78,2001,20,Brendan Haywood,/players/h/haywobr01.html
79,2001,21,Joseph Forte,/players/f/fortejo01.html
80,2001,22,Jeryl Sasser,/players/s/sasseje01.html
81,2001,23,Brandon Armstrong,/players/a/armstbr01.html
82,2001,24,Raul Lopez,/players/l/lopezra01.html
83,2001,25,Gerald Wallace,/players/w/wallage01.html
84,2001,26,Samuel Dalembert,/players/d/dalemsa01.html
85,2001,27,Jamaal Tinsley,/players/t/tinslja01.html
86,2001,28,Tony Parker,/players/p/parketo01.html
87,2001,30,Trenton Hassell,/players/h/hassetr01.html
88,2001,31,Gilbert Arenas,/players/a/arenagi01.html
89,2001,32,Omar Cook,/players/c/cookom01.html
90,2001,33,Will Solomon,/players/s/solomwi01.html
91,2001,34,Terence Morris,/players/m/morrite01.html
92,2001,35,Brian Scalabrine,/players/s/scalabr01.html
93,2001,36,Jeff Trepagnier,/players/t/trepaje01.html
94,2001,37,Damone Brown,/players/b/brownda02.html
95,2001,38,Mehmet Okur,/players/o/okurme01.html
96,2001,39,Michael Wright,No Link
97,2001,40,Earl Watson,/players/w/watsoea01.html
98,2001,41,Jamison Brewer,/players/b/breweja01.html
99,2001,42,Bobby Simmons,/players/s/simmobo01.html
100,2001,43,Eric Chenowith,No Link
101,2001,44,Kyle Hill,No Link
102,2001,45,Sean Lampley,/players/l/lamplse01.html
103,2001,46,Loren Woods,/players/w/woodslo01.html
104,2001,47,Ousmane Cisse,No Link
105,2001,48,Antonis Fotsis,/players/f/fotsian01.html
106,2001,49,Ken Johnson,/players/j/johnske03.html
107,2001,50,Ruben Boumtje-Boumtje,/players/b/boumtru01.html
108,2001,51,Alton Ford,/players/f/fordal02.html
109,2001,52,Andre Hutson,No Link
110,2001,53,Jarron Collins,/players/c/collija03.html
111,2001,54,Kenny Satterfield,/players/s/satteke01.html
112,2001,55,Maurice Jeffers,No Link
113,2001,56,Robertas Javtokas,/players/j/javtoro01.html
114,2001,57,Alvin Jones,/players/j/jonesal01.html
115,2001,58,Bryan Bracey,No Link
116,2002,1,Yao Ming,/players/m/mingya01.html
117,2002,2,Jay Williams,/players/w/willija03.html
118,2002,3,Mike Dunleavy,/players/d/dunlemi02.html
119,2002,4,Drew Gooden,/players/g/goodedr01.html
120,2002,5,Nikoloz Tskitishvili,/players/t/tskitni01.html
121,2002,6,Dajuan Wagner,/players/w/wagneda02.html
122,2002,7,Nene Hilario,/players/h/hilarne01.html
123,2002,8,Chris Wilcox,/players/w/wilcoch01.html
124,2002,9,Amar'e Stoudemire,/players/s/stoudam01.html
125,2002,10,Caron Butler,/players/b/butleca01.html
126,2002,11,Jared Jeffries,/players/j/jeffrja01.html
127,2002,12,Melvin Ely,/players/e/elyme01.html
128,2002,13,Marcus Haislip,/players/h/haislma01.html
129,2002,14,Fred Jones,/players/j/jonesfr01.html
130,2002,15,Bostjan Nachbar,/players/n/nachbbo01.html
131,2002,16,Jiri Welsch,/players/w/welscji01.html
132,2002,17,Juan Dixon,/players/d/dixonju01.html
133,2002,18,Curtis Borchardt,/players/b/borchcu01.html
134,2002,19,Ryan Humphrey,/players/h/humphry01.html
135,2002,20,Kareem Rush,/players/r/rushka01.html
136,2002,21,Qyntel Woods,/players/w/woodsqy01.html
137,2002,22,Casey Jacobsen,/players/j/jacobca01.html
138,2002,23,Tayshaun Prince,/players/p/princta01.html
139,2002,24,Nenad Krstic,/players/k/krstine01.html
140,2002,25,Frank Williams,/players/w/willifr02.html
141,2002,26,John Salmons,/players/s/salmojo01.html
142,2002,27,Chris Jefferies,/players/j/jeffech01.html
143,2002,28,Dan Dickau,/players/d/dickada01.html
144,2002,30,Steve Logan,No Link
145,2002,31,Roger Mason,/players/m/masonro01.html
146,2002,32,Robert Archibald,/players/a/archiro01.html
147,2002,33,Vincent Yarbrough,/players/y/yarbrvi01.html
148,2002,34,Dan Gadzuric,/players/g/gadzuda01.html
149,2002,35,Carlos Boozer,/players/b/boozeca01.html
150,2002,36,Milos Vujanic,No Link
151,2002,37,David Andersen,/players/a/anderda03.html
152,2002,38,Tito Maddox,/players/m/maddoti01.html
153,2002,39,Rod Grizzard,No Link
154,2002,40,Juan Carlos Navarro,/players/n/navarju01.html
155,2002,41,Mario Kasun,/players/k/kasunma01.html
156,2002,42,Ronald Murray,/players/m/murraro01.html
157,2002,43,Jason Jennings,No Link
158,2002,44,Lonny Baxter,/players/b/baxtelo01.html
159,2002,45,Sam Clancy,No Link
160,2002,46,Matt Barnes,/players/b/barnema02.html
161,2002,47,Jamal Sampson,/players/s/sampsja01.html
162,2002,48,Chris Owens,/players/o/owensch01.html
163,2002,49,Peter Fehse,No Link
164,2002,50,Darius Songaila,/players/s/songada01.html
165,2002,51,Federico Kammerichs,No Link
166,2002,52,Marcus Taylor,No Link
167,2002,53,Rasual Butler,/players/b/butlera01.html
168,2002,54,Tamar Slay,/players/s/slayta01.html
169,2002,55,Mladen Sekularac,No Link
170,2002,56,Luis Scola,/players/s/scolalu01.html
171,2002,57,Randy Holcomb,/players/h/holcora01.html
172,2002,58,Corsley Edwards,/players/e/edwarco01.html
173,2003,1,LeBron James,/players/j/jamesle01.html
174,2003,2,Darko Milicic,/players/m/milicda01.html
175,2003,3,Carmelo Anthony,/players/a/anthoca01.html
176,2003,4,Chris Bosh,/players/b/boshch01.html
177,2003,5,Dwyane Wade,/players/w/wadedw01.html
178,2003,6,Chris Kaman,/players/k/kamanch01.html
179,2003,7,Kirk Hinrich,/players/h/hinriki01.html
180,2003,8,T.J. Ford,/players/f/fordtj01.html
181,2003,9,Mike Sweetney,/players/s/sweetmi01.html
182,2003,10,Jarvis Hayes,/players/h/hayesja01.html
183,2003,11,Mickael Pietrus,/players/p/pietrmi01.html
184,2003,12,Nick Collison,/players/c/collini01.html
185,2003,13,Marcus Banks,/players/b/banksma01.html
186,2003,14,Luke Ridnour,/players/r/ridnolu01.html
187,2003,15,Reece Gaines,/players/g/gainere01.html
188,2003,16,Troy Bell,/players/b/belltr01.html
189,2003,17,Zarko Cabarkapa,/players/c/cabarza01.html
190,2003,18,David West,/players/w/westda01.html
191,2003,19,Sasha Pavlovic,/players/p/pavloal01.html
192,2003,20,Dahntay Jones,/players/j/jonesda02.html
193,2003,21,Boris Diaw,/players/d/diawbo01.html
194,2003,22,Zoran Planinic,/players/p/planizo01.html
195,2003,23,Travis Outlaw,/players/o/outlatr01.html
196,2003,24,Brian Cook,/players/c/cookbr01.html
197,2003,25,Carlos Delfino,/players/d/delfica01.html
198,2003,26,Ndudi Ebi,/players/e/ebind01.html
199,2003,27,Kendrick Perkins,/players/p/perkike01.html
200,2003,28,Leandro Barbosa,/players/b/barbole01.html
201,2003,29,Josh Howard,/players/h/howarjo01.html
202,2003,30,Maciej Lampe,/players/l/lampema01.html
203,2003,31,Jason Kapono,/players/k/kaponja01.html
204,2003,32,Luke Walton,/players/w/waltolu01.html
205,2003,33,Jerome Beasley,/players/b/beaslje01.html
206,2003,34,Sofoklis Schortsanitis,/players/s/schorso01.html
207,2003,35,Szymon Szewczyk,/players/s/szewcsz01.html
208,2003,36,Mario Austin,/players/a/austima01.html
209,2003,37,Travis Hansen,/players/h/hansetr01.html
210,2003,38,Steve Blake,/players/b/blakest01.html
211,2003,39,Slavko Vranes,/players/v/vranesl01.html
212,2003,40,Derrick Zimmerman,/players/z/zimmede01.html
213,2003,41,Willie Green,/players/g/greenwi01.html
214,2003,42,Zaza Pachulia,/players/p/pachuza01.html
215,2003,43,Keith Bogans,/players/b/boganke01.html
216,2003,44,Malick Badiane,No Link
217,2003,45,Matt Bonner,/players/b/bonnema01.html
218,2003,46,Sani Becirovic,/players/b/becirsa01.html
219,2003,47,Mo Williams,/players/w/willima01.html
220,2003,48,James Lang,/players/l/langja01.html
221,2003,49,James Jones,/players/j/jonesja02.html
222,2003,50,Paccelis Morlende,/players/m/morlepa01.html
223,2003,51,Kyle Korver,/players/k/korveky01.html
224,2003,52,Remon Van de Hare,No Link
225,2003,53,Tommy Smith,No Link
226,2003,54,Nedzad Sinanovic,/players/s/sinanne01.html
227,2003,55,Rick Rickert,No Link
228,2003,56,Brandon Hunter,/players/h/huntebr01.html
229,2003,57,Xue Yuyang,/players/y/yuyanxu01.html
230,2003,58,Andreas Glyniadakis,/players/g/glynian01.html
231,2004,1,Dwight Howard,/players/h/howardw01.html
232,2004,2,Emeka Okafor,/players/o/okafoem01.html
233,2004,3,Ben Gordon,/players/g/gordobe01.html
234,2004,4,Shaun Livingston,/players/l/livinsh01.html
235,2004,5,Devin Harris,/players/h/harride01.html
236,2004,6,Josh Childress,/players/c/childjo01.html
237,2004,7,Luol Deng,/players/d/denglu01.html
238,2004,8,Rafael Araujo,/players/a/araujra01.html
239,2004,9,Andre Iguodala,/players/i/iguodan01.html
240,2004,10,Luke Jackson,/players/j/jackslu02.html
241,2004,11,Andris Biedrins,/players/b/biedran01.html
242,2004,12,Robert Swift,/players/s/swiftro01.html
243,2004,13,Sebastian Telfair,/players/t/telfase01.html
244,2004,14,Kris Humphries,/players/h/humphkr01.html
245,2004,15,Al Jefferson,/players/j/jeffeal01.html
246,2004,16,Kirk Snyder,/players/s/snydeki01.html
247,2004,17,Josh Smith,/players/s/smithjo03.html
248,2004,18,J.R. Smith,/players/s/smithjr01.html
249,2004,19,Dorell Wright,/players/w/wrighdo01.html
250,2004,20,Jameer Nelson,/players/n/nelsoja01.html
251,2004,21,Pavel Podkolzin,/players/p/podkopa01.html
252,2004,22,Viktor Khryapa,/players/k/khryavi01.html
253,2004,23,Sergei Monia,/players/m/moniase01.html
254,2004,24,Delonte West,/players/w/westde01.html
255,2004,25,Tony Allen,/players/a/allento01.html
256,2004,26,Kevin Martin,/players/m/martike02.html
257,2004,27,Sasha Vujacic,/players/v/vujacsa01.html
258,2004,28,Beno Udrih,/players/u/udrihbe01.html
259,2004,29,David Harrison,/players/h/harrida01.html
260,2004,30,Anderson Varejao,/players/v/varejan01.html
261,2004,31,Jackson Vroman,/players/v/vromaja01.html
262,2004,32,Peter John Ramos,/players/r/ramospe01.html
263,2004,33,Lionel Chalmers,/players/c/chalmli01.html
264,2004,34,Donta Smith,/players/s/smithdo04.html
265,2004,35,Andre Emmett,/players/e/emmetan01.html
266,2004,36,Antonio Burks,/players/b/burksan01.html
267,2004,37,Royal Ivey,/players/i/iveyro01.html
268,2004,38,Chris Duhon,/players/d/duhonch01.html
269,2004,39,Albert Miralles,/players/m/miralal01.html
270,2004,40,Justin Reed,/players/r/reedju01.html
271,2004,41,David Young,No Link
272,2004,42,Viktor Sanikidze,/players/s/sanikvi01.html
273,2004,43,Trevor Ariza,/players/a/arizatr01.html
274,2004,44,Tim Pickett,No Link
275,2004,45,Bernard Robinson,/players/r/robinbe01.html
276,2004,46,Ha Seung-Jin,/players/s/seungha01.html
277,2004,47,Pape Sow,/players/s/sowpa01.html
278,2004,48,Ricky Minard,No Link
279,2004,49,Sergei Lishouk,/players/l/lishcse01.html
280,2004,50,Vassilis Spanoulis,/players/s/spanova01.html
281,2004,51,Christian Drejer,No Link
282,2004,52,Romain Sato,No Link
283,2004,53,Matt Freije,/players/f/freijma01.html
284,2004,54,Rickey Paulding,No Link
285,2004,55,Luis Flores,/players/f/florelu01.html
286,2004,56,Marcus Douthit,No Link
287,2004,57,Sergei Karaulov,/players/k/karause01.html
288,2004,58,Blake Stepp,No Link
289,2004,59,Rashad Wright,No Link
290,2005,1,Andrew Bogut,/players/b/bogutan01.html
291,2005,2,Marvin Williams,/players/w/willima02.html
292,2005,3,Deron Williams,/players/w/willide01.html
293,2005,4,Chris Paul,/players/p/paulch01.html
294,2005,5,Raymond Felton,/players/f/feltora01.html
295,2005,6,Martell Webster,/players/w/webstma02.html
296,2005,7,Charlie Villanueva,/players/v/villach01.html
297,2005,8,Channing Frye,/players/f/fryech01.html
298,2005,9,Ike Diogu,/players/d/dioguik01.html
299,2005,10,Andrew Bynum,/players/b/bynuman01.html
300,2005,11,Fran Vazquez,/players/v/vazqufr01.html
301,2005,12,Yaroslav Korolev,/players/k/korolya01.html
302,2005,13,Sean May,/players/m/mayse01.html
303,2005,14,Rashad McCants,/players/m/mccanra01.html
304,2005,15,Antoine Wright,/players/w/wrighan01.html
305,2005,16,Joey Graham,/players/g/grahajo01.html
306,2005,17,Danny Granger,/players/g/grangda01.html
307,2005,18,Gerald Green,/players/g/greenge01.html
308,2005,19,Hakim Warrick,/players/w/warriha01.html
309,2005,20,Julius Hodge,/players/h/hodgeju01.html
310,2005,21,Nate Robinson,/players/r/robinna01.html
311,2005,22,Jarrett Jack,/players/j/jackja01.html
312,2005,23,Francisco Garcia,/players/g/garcifr01.html
313,2005,24,Luther Head,/players/h/headlu01.html
314,2005,25,Johan Petro,/players/p/petrojo01.html
315,2005,26,Jason Maxiell,/players/m/maxieja01.html
316,2005,27,Linas Kleiza,/players/k/kleizli01.html
317,2005,28,Ian Mahinmi,/players/m/mahinia01.html
318,2005,29,Wayne Simien,/players/s/simiewa01.html
319,2005,30,David Lee,/players/l/leeda02.html
320,2005,31,Salim Stoudamire,/players/s/stoudsa01.html
321,2005,32,Daniel Ewing,/players/e/ewingda01.html
322,2005,33,Brandon Bass,/players/b/bassbr01.html
323,2005,34,C.J. Miles,/players/m/milescj01.html
324,2005,35,Ricky Sanchez,No Link
325,2005,36,Ersan Ilyasova,/players/i/ilyaser01.html
326,2005,37,Ronny Turiaf,/players/t/turiaro01.html
327,2005,38,Travis Diener,/players/d/dienetr01.html
328,2005,39,Von Wafer,/players/w/wafervo01.html
329,2005,40,Monta Ellis,/players/e/ellismo01.html
330,2005,41,Roko Ukic,/players/u/ukicro01.html
331,2005,42,Chris Taft,/players/t/taftch01.html
332,2005,43,Mile Ilic,/players/i/ilicmi01.html
333,2005,44,Martynas Andriuskevicius,/players/a/andrima01.html
334,2005,45,Louis Williams,/players/w/willilo02.html
335,2005,46,Erazem Lorbek,/players/l/lorbeer01.html
336,2005,47,Bracey Wright,/players/w/wrighbr02.html
337,2005,48,Mickael Gelabale,/players/g/gelabmi01.html
338,2005,49,Andray Blatche,/players/b/blatcan01.html
339,2005,50,Ryan Gomes,/players/g/gomesry01.html
340,2005,51,Robert Whaley,/players/w/whalero01.html
341,2005,52,Axel Hervelle,/players/h/herveax01.html
342,2005,53,Orien Greene,/players/g/greenor01.html
343,2005,54,Dijon Thompson,/players/t/thompdi01.html
344,2005,55,Lawrence Roberts,/players/r/roberla01.html
345,2005,56,Amir Johnson,/players/j/johnsam01.html
346,2005,57,Marcin Gortat,/players/g/gortama01.html
347,2005,58,Uros Slokar,/players/s/slokaur01.html
348,2005,59,Cenk Akyol,/players/a/akyolce01.html
349,2005,60,Alex Acker,/players/a/ackeral01.html
350,2006,1,Andrea Bargnani,/players/b/bargnan01.html
351,2006,2,LaMarcus Aldridge,/players/a/aldrila01.html
352,2006,3,Adam Morrison,/players/m/morriad01.html
353,2006,4,Tyrus Thomas,/players/t/thomaty01.html
354,2006,5,Shelden Williams,/players/w/willish02.html
355,2006,6,Brandon Roy,/players/r/roybr01.html
356,2006,7,Randy Foye,/players/f/foyera01.html
357,2006,8,Rudy Gay,/players/g/gayru01.html
358,2006,9,Patrick O'Bryant,/players/o/obryapa01.html
359,2006,10,Mouhamed Sene,/players/s/senesa01.html
360,2006,11,J.J. Redick,/players/r/redicjj01.html
361,2006,12,Hilton Armstrong,/players/a/armsthi01.html
362,2006,13,Thabo Sefolosha,/players/s/sefolth01.html
363,2006,14,Ronnie Brewer,/players/b/brewero02.html
364,2006,15,Cedric Simmons,/players/s/simmoce01.html
365,2006,16,Rodney Carney,/players/c/carnero01.html
366,2006,17,Shawne Williams,/players/w/willish03.html
367,2006,18,Oleksiy Pecherov,/players/p/pecheol01.html
368,2006,19,Quincy Douby,/players/d/doubyqu01.html
369,2006,20,Renaldo Balkman,/players/b/balkmre01.html
370,2006,21,Rajon Rondo,/players/r/rondora01.html
371,2006,22,Marcus Williams,/players/w/willima03.html
372,2006,23,Josh Boone,/players/b/boonejo01.html
373,2006,24,Kyle Lowry,/players/l/lowryky01.html
374,2006,25,Shannon Brown,/players/b/brownsh01.html
375,2006,26,Jordan Farmar,/players/f/farmajo01.html
376,2006,27,Sergio Rodriguez,/players/r/rodrise01.html
377,2006,28,Maurice Ager,/players/a/agerma01.html
378,2006,29,Mardy Collins,/players/c/collima01.html
379,2006,30,Joel Freeland,/players/f/freeljo01.html
380,2006,31,James White,/players/w/whiteja02.html
381,2006,32,Steve Novak,/players/n/novakst01.html
382,2006,33,Solomon Jones,/players/j/jonesso01.html
383,2006,34,Paul Davis,/players/d/davispa01.html
384,2006,35,P.J. Tucker,/players/t/tuckepj01.html
385,2006,36,Craig Smith,/players/s/smithcr01.html
386,2006,37,Bobby Jones,/players/j/jonesbo02.html
387,2006,38,Kosta Perovic,/players/p/perovko01.html
388,2006,39,David Noel,/players/n/noelda01.html
389,2006,40,Denham Brown,No Link
390,2006,41,James Augustine,/players/a/augusja01.html
391,2006,42,Daniel Gibson,/players/g/gibsoda01.html
392,2006,43,Marcus Vinicius,/players/v/vincima01.html
393,2006,44,Lior Eliyahu,/players/e/eliyali01.html
394,2006,45,Alexander Johnson,/players/j/johnsal01.html
395,2006,46,Dee Brown,/players/b/brownde03.html
396,2006,47,Paul Millsap,/players/m/millspa01.html
397,2006,48,Vladimir Veremeenko,/players/v/veremvl01.html
398,2006,49,Leon Powe,/players/p/powele01.html
399,2006,50,Ryan Hollins,/players/h/holliry01.html
400,2006,51,Cheikh Samb,/players/s/sambch01.html
401,2006,52,Guillermo Diaz,/players/d/diazgu01.html
402,2006,53,Yotam Halperin,/players/h/halpeyo01.html
403,2006,54,Hassan Adams,/players/a/adamsha01.html
404,2006,55,Ejike Ugboaja,/players/u/ugboaej01.html
405,2006,56,Edin Bavcic,/players/b/bavcied01.html
406,2006,57,Loukas Mavrokefalidis,No Link
407,2006,58,J.R. Pinnock,No Link
408,2006,59,Damir Markota,/players/m/markoda01.html
409,2006,60,Will Blalock,/players/b/blalowi01.html
410,2007,1,Greg Oden,/players/o/odengr01.html
411,2007,2,Kevin Durant,/players/d/duranke01.html
412,2007,3,Al Horford,/players/h/horfoal01.html
413,2007,4,Mike Conley,/players/c/conlemi01.html
414,2007,5,Jeff Green,/players/g/greenje02.html
415,2007,6,Yi Jianlian,/players/j/jianlyi01.html
416,2007,7,Corey Brewer,/players/b/breweco01.html
417,2007,8,Brandan Wright,/players/w/wrighbr03.html
418,2007,9,Joakim Noah,/players/n/noahjo01.html
419,2007,10,Spencer Hawes,/players/h/hawessp01.html
420,2007,11,Acie Law,/players/l/lawac01.html
421,2007,12,Thaddeus Young,/players/y/youngth01.html
422,2007,13,Julian Wright,/players/w/wrighju01.html
423,2007,14,Al Thornton,/players/t/thornal01.html
424,2007,15,Rodney Stuckey,/players/s/stuckro01.html
425,2007,16,Nick Young,/players/y/youngni01.html
426,2007,17,Sean Williams,/players/w/willise01.html
427,2007,18,Marco Belinelli,/players/b/belinma01.html
428,2007,19,Javaris Crittenton,/players/c/crittja01.html
429,2007,20,Jason Smith,/players/s/smithja02.html
430,2007,21,Daequan Cook,/players/c/cookda02.html
431,2007,22,Jared Dudley,/players/d/dudleja01.html
432,2007,23,Wilson Chandler,/players/c/chandwi01.html
433,2007,24,Rudy Fernandez,/players/f/fernaru01.html
434,2007,25,Morris Almond,/players/a/almonmo01.html
435,2007,26,Aaron Brooks,/players/b/brookaa01.html
436,2007,27,Arron Afflalo,/players/a/afflaar01.html
437,2007,28,Tiago Splitter,/players/s/splitti01.html
438,2007,29,Alando Tucker,/players/t/tuckeal02.html
439,2007,30,Petteri Koponen,/players/k/koponpe01.html
440,2007,31,Carl Landry,/players/l/landrca01.html
441,2007,32,Gabe Pruitt,/players/p/pruitga01.html
442,2007,33,Marcus Williams,/players/w/willima04.html
443,2007,34,Nick Fazekas,/players/f/fazekni01.html
444,2007,35,Glen Davis,/players/d/davisgl01.html
445,2007,36,Jermareo Davidson,/players/d/davidje01.html
446,2007,37,Josh McRoberts,/players/m/mcrobjo01.html
447,2007,38,Kyrylo Fesenko,/players/f/fesenky01.html
448,2007,39,Stanko Barac,/players/b/baracst01.html
449,2007,40,Sun Yue,/players/y/yuesu01.html
450,2007,41,Chris Richard,/players/r/richach01.html
451,2007,42,Derrick Byars,/players/b/byarsde01.html
452,2007,43,Adam Haluska,No Link
453,2007,44,Reyshawn Terry,No Link
454,2007,45,Jared Jordan,No Link
455,2007,46,Stephane Lasme,/players/l/lasmest01.html
456,2007,47,Dominic McGuire,/players/m/mcguido01.html
457,2007,48,Marc Gasol,/players/g/gasolma01.html
458,2007,49,Aaron Gray,/players/g/grayaa01.html
459,2007,50,Renaldas Seibutis,/players/s/seibure01.html
460,2007,51,JamesOn Curry,/players/c/curryja01.html
461,2007,52,Taurean Green,/players/g/greenta01.html
462,2007,53,Demetris Nichols,/players/n/nichode01.html
463,2007,54,Brad Newley,/players/n/newlebr01.html
464,2007,55,Herbert Hill,No Link
465,2007,56,Ramon Sessions,/players/s/sessira01.html
466,2007,57,Sammy Mejia,No Link
467,2007,58,Giorgos Printezis,/players/p/printgi01.html
468,2007,59,D.J. Strawberry,/players/s/strawdj01.html
469,2007,60,Milovan Rakovic,/players/r/rakovmi01.html
470,2008,1,Derrick Rose,/players/r/rosede01.html
471,2008,2,Michael Beasley,/players/b/beaslmi01.html
472,2008,3,O.J. Mayo,/players/m/mayooj01.html
473,2008,4,Russell Westbrook,/players/w/westbru01.html
474,2008,5,Kevin Love,/players/l/loveke01.html
475,2008,6,Danilo Gallinari,/players/g/gallida01.html
476,2008,7,Eric Gordon,/players/g/gordoer01.html
477,2008,8,Joe Alexander,/players/a/alexajo01.html
478,2008,9,D.J. Augustin,/players/a/augusdj01.html
479,2008,10,Brook Lopez,/players/l/lopezbr01.html
480,2008,11,Jerryd Bayless,/players/b/bayleje01.html
481,2008,12,Jason Thompson,/players/t/thompja02.html
482,2008,13,Brandon Rush,/players/r/rushbr01.html
483,2008,14,Anthony Randolph,/players/r/randoan01.html
484,2008,15,Robin Lopez,/players/l/lopezro01.html
485,2008,16,Marreese Speights,/players/s/speigma01.html
486,2008,17,Roy Hibbert,/players/h/hibbero01.html
487,2008,18,JaVale McGee,/players/m/mcgeeja01.html
488,2008,19,J.J. Hickson,/players/h/hicksjj01.html
489,2008,20,Alexis Ajinca,/players/a/ajincal01.html
490,2008,21,Ryan Anderson,/players/a/anderry01.html
491,2008,22,Courtney Lee,/players/l/leeco01.html
492,2008,23,Kosta Koufos,/players/k/koufoko01.html
493,2008,24,Serge Ibaka,/players/i/ibakase01.html
494,2008,25,Nicolas Batum,/players/b/batumni01.html
495,2008,26,George Hill,/players/h/hillge01.html
496,2008,27,Darrell Arthur,/players/a/arthuda01.html
497,2008,28,Donte Greene,/players/g/greendo01.html
498,2008,29,D.J. White,/players/w/whitedj01.html
499,2008,30,J.R. Giddens,/players/g/giddejr01.html
500,2008,31,Nikola Pekovic,/players/p/pekovni01.html
501,2008,32,Walter Sharpe,/players/s/sharpwa01.html
502,2008,33,Joey Dorsey,/players/d/dorsejo01.html
503,2008,34,Mario Chalmers,/players/c/chalmma01.html
504,2008,35,DeAndre Jordan,/players/j/jordade01.html
505,2008,36,Omer Asik,/players/a/asikom01.html
506,2008,37,Luc Mbah a Moute,/players/m/mbahalu01.html
507,2008,38,Kyle Weaver,/players/w/weaveky01.html
508,2008,39,Sonny Weems,/players/w/weemsso01.html
509,2008,40,Chris Douglas-Roberts,/players/d/douglch01.html
510,2008,41,Nathan Jawai,/players/j/jawaina01.html
511,2008,42,Sean Singletary,/players/s/singlse01.html
512,2008,43,Patrick Ewing,/players/e/ewingpa02.html
513,2008,44,Ante Tomic,/players/t/tomican01.html
514,2008,45,Goran Dragic,/players/d/dragigo01.html
515,2008,46,Trent Plaisted,No Link
516,2008,47,Bill Walker,/players/w/walkebi01.html
517,2008,48,Malik Hairston,/players/h/hairsma01.html
518,2008,49,Richard Hendrix,No Link
519,2008,50,DeVon Hardin,/players/h/hardide01.html
520,2008,51,Shan Foster,No Link
521,2008,52,Darnell Jackson,/players/j/jacksda01.html
522,2008,53,Tadija Dragicevic,/players/d/dragita01.html
523,2008,54,Maarty Leunen,/players/l/leunema01.html
524,2008,55,Mike Taylor,/players/t/taylomi01.html
525,2008,56,Sasha Kaun,/players/k/kaunsa01.html
526,2008,57,James Gist,No Link
527,2008,58,Joe Crawford,/players/c/crawfjo01.html
528,2008,59,Deron Washington,No Link
529,2008,60,Semih Erden,/players/e/erdense01.html
530,2009,1,Blake Griffin,/players/g/griffbl01.html
531,2009,2,Hasheem Thabeet,/players/t/thabeha01.html
532,2009,3,James Harden,/players/h/hardeja01.html
533,2009,4,Tyreke Evans,/players/e/evansty01.html
534,2009,5,Ricky Rubio,/players/r/rubiori01.html
535,2009,6,Jonny Flynn,/players/f/flynnjo01.html
536,2009,7,Stephen Curry,/players/c/curryst01.html
537,2009,8,Jordan Hill,/players/h/hilljo01.html
538,2009,9,DeMar DeRozan,/players/d/derozde01.html
539,2009,10,Brandon Jennings,/players/j/jennibr01.html
540,2009,11,Terrence Williams,/players/w/willite01.html
541,2009,12,Gerald Henderson,/players/h/hendege02.html
542,2009,13,Tyler Hansbrough,/players/h/hansbty01.html
543,2009,14,Earl Clark,/players/c/clarkea01.html
544,2009,15,Austin Daye,/players/d/dayeau01.html
545,2009,16,James Johnson,/players/j/johnsja01.html
546,2009,17,Jrue Holiday,/players/h/holidjr01.html
547,2009,18,Ty Lawson,/players/l/lawsoty01.html
548,2009,19,Jeff Teague,/players/t/teaguje01.html
549,2009,20,Eric Maynor,/players/m/maynoer01.html
550,2009,21,Darren Collison,/players/c/collida01.html
551,2009,22,Victor Claver,/players/c/clavevi01.html
552,2009,23,Omri Casspi,/players/c/casspom01.html
553,2009,24,Byron Mullens,/players/m/mulleby01.html
554,2009,25,Rodrigue Beaubois,/players/b/beaubro01.html
555,2009,26,Taj Gibson,/players/g/gibsota01.html
556,2009,27,DeMarre Carroll,/players/c/carrode01.html
557,2009,28,Wayne Ellington,/players/e/ellinwa01.html
558,2009,29,Toney Douglas,/players/d/douglto01.html
559,2009,30,Christian Eyenga,/players/e/eyengch01.html
560,2009,31,Jeff Pendergraph,/players/p/pendeje02.html
561,2009,32,Jermaine Taylor,/players/t/tayloje02.html
562,2009,33,Dante Cunningham,/players/c/cunnida01.html
563,2009,34,Sergio Llull,/players/l/llullse01.html
564,2009,35,DaJuan Summers,/players/s/summeda01.html
565,2009,36,Sam Young,/players/y/youngsa01.html
566,2009,37,DeJuan Blair,/players/b/blairde01.html
567,2009,38,Jon Brockman,/players/b/brockjo01.html
568,2009,39,Jonas Jerebko,/players/j/jerebjo01.html
569,2009,40,Derrick Brown,/players/b/brownde04.html
570,2009,41,Jodie Meeks,/players/m/meeksjo01.html
571,2009,42,Patrick Beverley,/players/b/beverpa01.html
572,2009,43,Marcus Thornton,/players/t/thornma01.html
573,2009,44,Chase Budinger,/players/b/budinch01.html
574,2009,45,Nick Calathes,/players/c/calatni01.html
575,2009,46,Danny Green,/players/g/greenda02.html
576,2009,47,Henk Norel,/players/n/norelhe01.html
577,2009,48,Taylor Griffin,/players/g/griffta01.html
578,2009,49,Sergiy Gladyr,/players/g/gladyse01.html
579,2009,50,Goran Suton,No Link
580,2009,51,Jack McClinton,No Link
581,2009,52,A.J. Price,/players/p/priceaj01.html
582,2009,53,Nando De Colo,/players/d/decolna01.html
583,2009,54,Robert Vaden,No Link
584,2009,55,Patrick Mills,/players/m/millspa02.html
585,2009,56,Ahmad Nivins,No Link
586,2009,57,Emir Preldzic,/players/p/preldem01.html
587,2009,58,Lester Hudson,/players/h/hudsole01.html
588,2009,59,Chinemelu Elonu,/players/e/elonuch01.html
589,2009,60,Robert Dozier,No Link
590,2010,1,John Wall,/players/w/walljo01.html
591,2010,2,Evan Turner,/players/t/turneev01.html
592,2010,3,Derrick Favors,/players/f/favorde01.html
593,2010,4,Wesley Johnson,/players/j/johnswe01.html
594,2010,5,DeMarcus Cousins,/players/c/couside01.html
595,2010,6,Ekpe Udoh,/players/u/udohek01.html
596,2010,7,Greg Monroe,/players/m/monrogr01.html
597,2010,8,Al-Farouq Aminu,/players/a/aminual01.html
598,2010,9,Gordon Hayward,/players/h/haywago01.html
599,2010,10,Paul George,/players/g/georgpa01.html
600,2010,11,Cole Aldrich,/players/a/aldrico01.html
601,2010,12,Xavier Henry,/players/h/henryxa01.html
602,2010,13,Ed Davis,/players/d/davised01.html
603,2010,14,Patrick Patterson,/players/p/pattepa01.html
604,2010,15,Larry Sanders,/players/s/sandela01.html
605,2010,16,Luke Babbitt,/players/b/babbilu01.html
606,2010,17,Kevin Seraphin,/players/s/serapke01.html
607,2010,18,Eric Bledsoe,/players/b/bledser01.html
608,2010,19,Avery Bradley,/players/b/bradlav01.html
609,2010,20,James Anderson,/players/a/anderja01.html
610,2010,21,Craig Brackins,/players/b/brackcr01.html
611,2010,22,Elliot Williams,/players/w/williel01.html
612,2010,23,Trevor Booker,/players/b/booketr01.html
613,2010,24,Damion James,/players/j/jamesda01.html
614,2010,25,Dominique Jones,/players/j/jonesdo02.html
615,2010,26,Quincy Pondexter,/players/p/pondequ01.html
616,2010,27,Jordan Crawford,/players/c/crawfjo02.html
617,2010,28,Greivis Vasquez,/players/v/vasqugr01.html
618,2010,29,Daniel Orton,/players/o/ortonda01.html
619,2010,30,Lazar Hayward,/players/h/haywala01.html
620,2010,31,Tibor Pleiss,/players/p/pleisti01.html
621,2010,32,Dexter Pittman,/players/p/pittmde01.html
622,2010,33,Hassan Whiteside,/players/w/whiteha01.html
623,2010,34,Armon Johnson,/players/j/johnsar02.html
624,2010,35,Nemanja Bjelica,/players/b/bjeline01.html
625,2010,36,Terrico White,No Link
626,2010,37,Darington Hobson,/players/h/hobsoda01.html
627,2010,38,Andy Rautins,/players/r/rautian01.html
628,2010,39,Landry Fields,/players/f/fieldla01.html
629,2010,40,Lance Stephenson,/players/s/stephla01.html
630,2010,41,Jarvis Varnado,/players/v/varnaja01.html
631,2010,42,Da'Sean Butler,No Link
632,2010,43,Devin Ebanks,/players/e/ebankde01.html
633,2010,44,Jerome Jordan,/players/j/jordaje01.html
634,2010,45,Paulao Prestes,/players/p/prestpa01.html
635,2010,46,Gani Lawal,/players/l/lawalga01.html
636,2010,47,Tiny Gallon,No Link
637,2010,48,Latavious Williams,/players/w/willila01.html
638,2010,49,Ryan Richards,/players/r/richary01.html
639,2010,50,Solomon Alabi,/players/a/alabiso01.html
640,2010,51,Magnum Rolle,No Link
641,2010,52,Luke Harangody,/players/h/haranlu01.html
642,2010,53,Pape Sy,/players/s/sypa01.html
643,2010,54,Willie Warren,/players/w/warrewi01.html
644,2010,55,Jeremy Evans,/players/e/evansje01.html
645,2010,56,Hamady N'Diaye,/players/n/ndiayha01.html
646,2010,57,Ryan Reid,/players/r/reidry01.html
647,2010,58,Derrick Caracter,/players/c/caracde01.html
648,2010,59,Stanley Robinson,No Link
649,2010,60,Dwayne Collins,/players/c/collidw01.html
650,2011,1,Kyrie Irving,/players/i/irvinky01.html
651,2011,2,Derrick Williams,/players/w/willide02.html
652,2011,3,Enes Kanter,/players/k/kanteen01.html
653,2011,4,Tristan Thompson,/players/t/thomptr01.html
654,2011,5,Jonas Valanciunas,/players/v/valanjo01.html
655,2011,6,Jan Vesely,/players/v/veselja01.html
656,2011,7,Bismack Biyombo,/players/b/biyombi01.html
657,2011,8,Brandon Knight,/players/k/knighbr03.html
658,2011,9,Kemba Walker,/players/w/walkeke02.html
659,2011,10,Jimmer Fredette,/players/f/fredeji01.html
660,2011,11,Klay Thompson,/players/t/thompkl01.html
661,2011,12,Alec Burks,/players/b/burksal01.html
662,2011,13,Markieff Morris,/players/m/morrima02.html
663,2011,14,Marcus Morris,/players/m/morrima03.html
664,2011,15,Kawhi Leonard,/players/l/leonaka01.html
665,2011,16,Nikola Vucevic,/players/v/vucevni01.html
666,2011,17,Iman Shumpert,/players/s/shumpim01.html
667,2011,18,Chris Singleton,/players/s/singlch01.html
668,2011,19,Tobias Harris,/players/h/harrito02.html
669,2011,20,Donatas Motiejunas,/players/m/motiedo01.html
670,2011,21,Nolan Smith,/players/s/smithno01.html
671,2011,22,Kenneth Faried,/players/f/farieke01.html
672,2011,23,Nikola Mirotic,/players/m/mirotni01.html
673,2011,24,Reggie Jackson,/players/j/jacksre01.html
674,2011,25,MarShon Brooks,/players/b/brookma01.html
675,2011,26,Jordan Hamilton,/players/h/hamiljo02.html
676,2011,27,JaJuan Johnson,/players/j/johnsja02.html
677,2011,28,Norris Cole,/players/c/coleno01.html
678,2011,29,Cory Joseph,/players/j/josepco01.html
679,2011,30,Jimmy Butler,/players/b/butleji01.html
680,2011,31,Bojan Bogdanovic,/players/b/bogdabo02.html
681,2011,32,Justin Harper,/players/h/harpeju01.html
682,2011,33,Kyle Singler,/players/s/singlky01.html
683,2011,34,Shelvin Mack,/players/m/macksh01.html
684,2011,35,Tyler Honeycutt,/players/h/honeyty01.html
685,2011,36,Jordan Williams,/players/w/willijo03.html
686,2011,37,Trey Thompkins,/players/t/thomptr02.html
687,2011,38,Chandler Parsons,/players/p/parsoch01.html
688,2011,39,Jeremy Tyler,/players/t/tylerje01.html
689,2011,40,Jon Leuer,/players/l/leuerjo01.html
690,2011,41,Darius Morris,/players/m/morrida01.html
691,2011,42,Davis Bertans,/players/b/bertada01.html
692,2011,43,Malcolm Lee,/players/l/leema01.html
693,2011,44,Charles Jenkins,/players/j/jenkich01.html
694,2011,45,Josh Harrellson,/players/h/harrejo01.html
695,2011,46,Andrew Goudelock,/players/g/goudean01.html
696,2011,47,Travis Leslie,/players/l/leslitr01.html
697,2011,48,Keith Benson,/players/b/bensoke02.html
698,2011,49,Josh Selby,/players/s/selbyjo01.html
699,2011,50,Lavoy Allen,/players/a/allenla01.html
700,2011,51,Jon Diebler,/players/d/diebljo01.html
701,2011,52,Vernon Macklin,/players/m/macklve01.html
702,2011,53,DeAndre Liggins,/players/l/liggide01.html
703,2011,54,Milan Macvan,/players/m/macvami01.html
704,2011,55,E'Twaun Moore,/players/m/mooreet01.html
705,2011,56,Chukwudiebere Maduabum,/players/m/maduach01.html
706,2011,57,Targuy Ngombo,No Link
707,2011,58,Ater Majok,/players/m/majokat01.html
708,2011,59,Adam Hanga,/players/h/hangaad01.html
709,2011,60,Isaiah Thomas,/players/t/thomais02.html
710,2012,1,Anthony Davis,/players/d/davisan02.html
711,2012,2,Michael Kidd-Gilchrist,/players/k/kiddgmi01.html
712,2012,3,Bradley Beal,/players/b/bealbr01.html
713,2012,4,Dion Waiters,/players/w/waitedi01.html
714,2012,5,Thomas Robinson,/players/r/robinth01.html
715,2012,6,Damian Lillard,/players/l/lillada01.html
716,2012,7,Harrison Barnes,/players/b/barneha02.html
717,2012,8,Terrence Ross,/players/r/rosste01.html
718,2012,9,Andre Drummond,/players/d/drumman01.html
719,2012,10,Austin Rivers,/players/r/riverau01.html
720,2012,11,Meyers Leonard,/players/l/leoname01.html
721,2012,12,Jeremy Lamb,/players/l/lambje01.html
722,2012,13,Kendall Marshall,/players/m/marshke01.html
723,2012,14,John Henson,/players/h/hensojo01.html
724,2012,15,Maurice Harkless,/players/h/harklma01.html
725,2012,16,Royce White,/players/w/whitero03.html
726,2012,17,Tyler Zeller,/players/z/zellety01.html
727,2012,18,Terrence Jones,/players/j/joneste01.html
728,2012,19,Andrew Nicholson,/players/n/nichoan01.html
729,2012,20,Evan Fournier,/players/f/fournev01.html
730,2012,21,Jared Sullinger,/players/s/sullija01.html
731,2012,22,Fab Melo,/players/m/melofa01.html
732,2012,23,John Jenkins,/players/j/jenkijo01.html
733,2012,24,Jared Cunningham,/players/c/cunnija01.html
734,2012,25,Tony Wroten,/players/w/wroteto01.html
735,2012,26,Miles Plumlee,/players/p/plumlmi01.html
736,2012,27,Arnett Moultrie,/players/m/moultar01.html
737,2012,28,Perry Jones,/players/j/jonespe01.html
738,2012,29,Marquis Teague,/players/t/teaguma01.html
739,2012,30,Festus Ezeli,/players/e/ezelife01.html
740,2012,31,Jeff Taylor,/players/t/tayloje03.html
741,2012,32,Tomas Satoransky,/players/s/satorto01.html
742,2012,33,Bernard James,/players/j/jamesbe01.html
743,2012,34,Jae Crowder,/players/c/crowdja01.html
744,2012,35,Draymond Green,/players/g/greendr01.html
745,2012,36,Orlando Johnson,/players/j/johnsor01.html
746,2012,37,Quincy Acy,/players/a/acyqu01.html
747,2012,38,Quincy Miller,/players/m/millequ01.html
748,2012,39,Khris Middleton,/players/m/middlkh01.html
749,2012,40,Will Barton,/players/b/bartowi01.html
750,2012,41,Tyshawn Taylor,/players/t/tayloty01.html
751,2012,42,Doron Lamb,/players/l/lambdo01.html
752,2012,43,Mike Scott,/players/s/scottmi01.html
753,2012,44,Kim English,/players/e/engliki01.html
754,2012,45,Justin Hamilton,/players/h/hamilju01.html
755,2012,46,Darius Miller,/players/m/milleda01.html
756,2012,47,Kevin Murphy,/players/m/murphke01.html
757,2012,48,Kostas Papanikolaou,/players/p/papanko01.html
758,2012,49,Kyle O'Quinn,/players/o/oquinky01.html
759,2012,50,Izzet Turkyilmaz,/players/t/turkyiz01.html
760,2012,51,Kris Joseph,/players/j/josepkr01.html
761,2012,52,Ognjen Kuzmic,/players/k/kuzmiog01.html
762,2012,53,Furkan Aldemir,/players/a/aldemfu01.html
763,2012,54,Tornike Shengelia,/players/s/shengto01.html
764,2012,55,Darius Johnson-Odom,/players/j/johnsda03.html
765,2012,56,Tomislav Zubcic,/players/z/zubcito01.html
766,2012,57,Ilkan Karaman,/players/k/karamil01.html
767,2012,58,Robbie Hummel,/players/h/hummero01.html
768,2012,59,Marcus Denmon,/players/d/denmoma01.html
769,2012,60,Robert Sacre,/players/s/sacrero01.html
770,2013,1,Anthony Bennett,/players/b/bennean01.html
771,2013,2,Victor Oladipo,/players/o/oladivi01.html
772,2013,3,Otto Porter,/players/p/porteot01.html
773,2013,4,Cody Zeller,/players/z/zelleco01.html
774,2013,5,Alex Len,/players/l/lenal01.html
775,2013,6,Nerlens Noel,/players/n/noelne01.html
776,2013,7,Ben McLemore,/players/m/mclembe01.html
777,2013,8,Kentavious Caldwell-Pope,/players/c/caldwke01.html
778,2013,9,Trey Burke,/players/b/burketr01.html
779,2013,10,CJ McCollum,/players/m/mccolcj01.html
780,2013,11,Michael Carter-Williams,/players/c/cartemi01.html
781,2013,12,Steven Adams,/players/a/adamsst01.html
782,2013,13,Kelly Olynyk,/players/o/olynyke01.html
783,2013,14,Shabazz Muhammad,/players/m/muhamsh01.html
784,2013,15,Giannis Antetokounmpo,/players/a/antetgi01.html
785,2013,16,Lucas Nogueira,/players/n/noguelu01.html
786,2013,17,Dennis Schroder,/players/s/schrode01.html
787,2013,18,Shane Larkin,/players/l/larkish01.html
788,2013,19,Sergey Karasev,/players/k/karasse01.html
789,2013,20,Tony Snell,/players/s/snellto01.html
790,2013,21,Gorgui Dieng,/players/d/dienggo01.html
791,2013,22,Mason Plumlee,/players/p/plumlma01.html
792,2013,23,Solomon Hill,/players/h/hillso01.html
793,2013,24,Tim Hardaway,/players/h/hardati02.html
794,2013,25,Reggie Bullock,/players/b/bullore01.html
795,2013,26,Andre Roberson,/players/r/roberan03.html
796,2013,27,Rudy Gobert,/players/g/goberru01.html
797,2013,28,Livio Jean-Charles,/players/j/jeancli01.html
798,2013,29,Archie Goodwin,/players/g/goodwar01.html
799,2013,30,Nemanja Nedovic,/players/n/nedovne01.html
800,2013,31,Allen Crabbe,/players/c/crabbal01.html
801,2013,32,Alex Abrines,/players/a/abrinal01.html
802,2013,33,Carrick Felix,/players/f/felixca01.html
803,2013,34,Isaiah Canaan,/players/c/canaais01.html
804,2013,35,Glen Rice,/players/r/ricegl02.html
805,2013,36,Ray McCallum,/players/m/mccalra01.html
806,2013,37,Tony Mitchell,/players/m/mitchto02.html
807,2013,38,Nate Wolters,/players/w/woltena01.html
808,2013,39,Jeff Withey,/players/w/witheje01.html
809,2013,40,Grant Jerrett,/players/j/jerregr01.html
810,2013,41,Jamaal Franklin,/players/f/frankja01.html
811,2013,42,Pierre Jackson,/players/j/jackspi01.html
812,2013,43,Ricky Ledo,/players/l/ledori01.html
813,2013,44,Mike Muscala,/players/m/muscami01.html
814,2013,45,Marko Todorovic,/players/t/todorma01.html
815,2013,46,Erick Green,/players/g/greener01.html
816,2013,47,Raul Neto,/players/n/netora01.html
817,2013,48,Ryan Kelly,/players/k/kellyry01.html
818,2013,49,Erik Murphy,/players/m/murpher01.html
819,2013,50,James Ennis,/players/e/ennisja01.html
820,2013,51,Romero Osby,No Link
821,2013,52,Lorenzo Brown,/players/b/brownlo01.html
822,2013,53,Colton Iverson,/players/i/iversco01.html
823,2013,54,Arsalan Kazemi,/players/k/kazemar01.html
824,2013,55,Joffrey Lauvergne,/players/l/lauvejo01.html
825,2013,56,Peyton Siva,/players/s/sivape01.html
826,2013,57,Alex Oriakhi,/players/o/oriakal01.html
827,2013,58,Deshaun Thomas,/players/t/thomade01.html
828,2013,59,Bojan Dubljevic,/players/d/dubljbo01.html
829,2013,60,Janis Timma,/players/t/timmaja01.html
830,2014,1,Andrew Wiggins,/players/w/wiggian01.html
831,2014,2,Jabari Parker,/players/p/parkeja01.html
832,2014,3,Joel Embiid,/players/e/embiijo01.html
833,2014,4,Aaron Gordon,/players/g/gordoaa01.html
834,2014,5,Dante Exum,/players/e/exumda01.html
835,2014,6,Marcus Smart,/players/s/smartma01.html
836,2014,7,Julius Randle,/players/r/randlju01.html
837,2014,8,Nik Stauskas,/players/s/stausni01.html
838,2014,9,Noah Vonleh,/players/v/vonleno01.html
839,2014,10,Elfrid Payton,/players/p/paytoel01.html
840,2014,11,Doug McDermott,/players/m/mcderdo01.html
841,2014,12,Dario Saric,/players/s/saricda01.html
842,2014,13,Zach LaVine,/players/l/lavinza01.html
843,2014,14,T.J. Warren,/players/w/warretj01.html
844,2014,15,Adreian Payne,/players/p/paynead01.html
845,2014,16,Jusuf Nurkic,/players/n/nurkiju01.html
846,2014,17,James Young,/players/y/youngja01.html
847,2014,18,Tyler Ennis,/players/e/ennisty01.html
848,2014,19,Gary Harris,/players/h/harriga01.html
849,2014,20,Bruno Caboclo,/players/c/cabocbr01.html
850,2014,21,Mitch McGary,/players/m/mcgarmi01.html
851,2014,22,Jordan Adams,/players/a/adamsjo01.html
852,2014,23,Rodney Hood,/players/h/hoodro01.html
853,2014,24,Shabazz Napier,/players/n/napiesh01.html
854,2014,25,Clint Capela,/players/c/capelca01.html
855,2014,26,P.J. Hairston,/players/h/hairspj02.html
856,2014,27,Bogdan Bogdanovic,/players/b/bogdabo01.html
857,2014,28,C.J. Wilcox,/players/w/wilcocj01.html
858,2014,29,Josh Huestis,/players/h/huestjo01.html
859,2014,30,Kyle Anderson,/players/a/anderky01.html
860,2014,31,Damien Inglis,/players/i/inglida01.html
861,2014,32,K.J. McDaniels,/players/m/mcdankj01.html
862,2014,33,Joe Harris,/players/h/harrijo01.html
863,2014,34,Cleanthony Early,/players/e/earlycl01.html
864,2014,35,Jarnell Stokes,/players/s/stokeja01.html
865,2014,36,Johnny O'Bryant III,/players/o/obryajo01.html
866,2014,37,DeAndre Daniels,/players/d/daniede01.html
867,2014,38,Spencer Dinwiddie,/players/d/dinwisp01.html
868,2014,39,Jerami Grant,/players/g/grantje01.html
869,2014,40,Glenn Robinson III,/players/r/robingl02.html
870,2014,41,Nikola Jokic,/players/j/jokicni01.html
871,2014,42,Nick Johnson,/players/j/johnsni01.html
872,2014,43,Walter Tavares,/players/t/tavarwa01.html
873,2014,44,Markel Brown,/players/b/brownma02.html
874,2014,45,Dwight Powell,/players/p/poweldw01.html
875,2014,46,Jordan Clarkson,/players/c/clarkjo01.html
876,2014,47,Russ Smith,/players/s/smithru01.html
877,2014,48,Lamar Patterson,/players/p/pattela01.html
878,2014,49,Cameron Bairstow,/players/b/bairsca01.html
879,2014,50,Alec Brown,/players/b/brownal01.html
880,2014,51,Thanasis Antetokounmpo,/players/a/antetth01.html
881,2014,52,Vasilije Micic,/players/m/micicva01.html
882,2014,53,Alessandro Gentile,/players/g/gential01.html
883,2014,54,Nemanja Dangubic,/players/d/dangune01.html
884,2014,55,Semaj Christon,/players/c/chrisse01.html
885,2014,56,Roy Devyn Marble,/players/m/marblde01.html
886,2014,57,Louis Labeyrie,/players/l/labeylo01.html
887,2014,58,Jordan McRae,/players/m/mcraejo01.html
888,2014,59,Xavier Thames,/players/t/thamexa01.html
889,2014,60,Cory Jefferson,/players/j/jeffeco01.html