PLAYER_ID,PLAYER_NAME,NCAA_GAMES_PLAYED,NCAA_MINUTES_PLAYED,NCAA_FG,NCAA_FG_ATTEMPTS,NCAA_3PT,NCAA_3PT_ATTEMPTS,NCAA_FT,NCAA_FT_ATTEMPTS,NCAA_OFFENSIVE_RBS,NCAA_TOTAL_RBS,NCAA_ASSISTS,NCAA_STEALS,NCAA_BLOCKS,NCAA_TURNOVERS,NCAA_PERSONAL_FOULS,NCAA_POINTS,NCAA_FG%,NCAA_3PT%,NCAA_FT%
1,Kenyon Martin,31,909,221,389,2,7,141,206,,300,42,43,107,56,71,585,0.568,0.286,0.684
2,Stromile Swift,34,1013,208,342,7,25,127,206,,279,32,50,95,80,88,550,0.608,0.28,0.617
3,Darius Miles,No College Data,,,,,,,,,,,,,,,,,,
4,Marcus Fizer,37,1243,327,562,15,42,175,239,,285,41,29,39,77,103,844,0.582,0.357,0.732
5,Mike Miller,37,1058,175,368,47,139,124,170,,243,91,46,15,71,70,521,0.476,0.338,0.729
6,DerMarr Johnson,32,879,140,293,52,140,70,95,,123,45,31,30,46,64,402,0.478,0.371,0.737
7,Chris Mihm,33,1014,206,394,7,15,164,232,,346,22,11,90,81,90,583,0.523,0.467,0.707
8,Jamal Crawford,17,577,105,255,33,101,40,51,,47,76,19,16,53,19,283,0.412,0.327,0.784
9,Joel Przybilla,21,638,122,199,0,0,55,111,,176,50,17,81,77,61,299,0.613,,0.495
10,Keyon Dooling,31,983,145,373,59,170,124,167,,84,113,44,17,79,56,473,0.389,0.347,0.743
11,Jerome Moiso,33,972,170,339,1,6,87,142,,252,40,37,55,88,93,428,0.501,0.167,0.613
12,Etan Thomas,29,940,148,246,0,0,99,146,,269,16,22,107,59,92,395,0.602,,0.678
13,Courtney Alexander,27,974,252,564,58,175,107,137,,128,94,37,4,67,61,669,0.447,0.331,0.781
14,Mateen Cleaves,26,820,109,259,32,85,65,86,,46,179,36,4,95,57,315,0.421,0.376,0.756
15,Jason Collier,30,975,178,376,31,84,122,166,,276,49,23,33,96,80,509,0.473,0.369,0.735
16,Hedo Turkoglu,No College Data,,,,,,,,,,,,,,,,,,
17,Desmond Mason,34,1202,211,423,64,149,125,163,,225,52,41,33,60,69,611,0.499,0.43,0.767
18,Quentin Richardson,33,1150,202,468,73,190,84,119,,325,72,35,9,77,75,561,0.432,0.384,0.706
19,Jamaal Magloire,33,978,148,296,0,0,139,203,,300,18,17,57,95,91,435,0.5,,0.685
20,Speedy Claxton,31,1089,253,538,51,134,149,195,,168,186,102,5,101,71,706,0.47,0.381,0.764
21,Morris Peterson,39,1136,218,469,85,200,136,176,,235,49,46,11,84,79,657,0.465,0.425,0.773
22,Donnell Harvey,37,746,144,284,0,1,86,141,,258,37,27,31,60,101,374,0.507,0,0.61
23,DeShawn Stevenson,No College Data,,,,,,,,,,,,,,,,,,
24,Dalibor Bagaric,No College Data,,,,,,,,,,,,,,,,,,
25,Jake Tsakalidis,No College Data,,,,,,,,,,,,,,,,,,
26,Mamadou N'Diaye,34,903,100,187,0,0,103,155,,267,18,26,66,,,303,0.535,,0.665
27,Primoz Brezec,No College Data,,,,,,,,,,,,,,,,,,
28,Erick Barkley,28,1033,159,400,50,160,81,122,,84,127,84,8,68,64,449,0.398,0.313,0.664
29,Mark Madsen,23,628,108,184,0,0,65,113,,214,25,13,21,34,52,281,0.587,,0.575
30,Marko Jaric,No College Data,,,,,,,,,,,,,,,,,,
31,Dan Langhi,30,1033,222,465,58,144,162,186,,181,23,13,9,53,56,664,0.477,0.403,0.871
32,A.J. Guyton,29,995,204,444,72,172,90,114,,90,68,29,13,69,27,570,0.459,0.419,0.789
33,Jake Voskuhl,34,778,109,191,0,0,71,104,,219,39,18,47,62,93,289,0.571,,0.683
34,Khalid El-Amin,35,1118,195,475,63,177,107,120,,110,183,59,4,93,73,560,0.411,0.356,0.892
35,Mike Smith,28,1011,187,441,75,222,113,141,,264,96,42,25,121,56,562,0.424,0.338,0.801
36,Soumaila Samake,No College Data,,,,,,,,,,,,,,,,,,
37,Eddie House,32,1189,263,623,73,200,137,164,,175,111,74,2,72,66,736,0.422,0.365,0.835
38,Eduardo Najera,34,1162,234,514,18,82,139,202,,314,72,59,25,82,97,625,0.455,0.22,0.688
39,Lavor Postell,33,1155,171,400,25,85,106,131,,229,60,30,21,49,79,473,0.428,0.294,0.809
40,Hanno Mottola,21,579,116,233,21,60,105,127,,101,36,4,12,63,68,358,0.498,0.35,0.827
41,Chris Carrawell,No College Data,,,,,,,,,,,,,,,,,,
42,Olumide Oyedeji,No College Data,,,,,,,,,,,,,,,,,,
43,Michael Redd,30,1004,197,452,34,108,90,116,,196,62,37,6,62,56,518,0.436,0.315,0.776
44,Brian Cardinal,32,943,137,333,42,124,130,169,,203,71,65,10,74,86,446,0.411,0.339,0.769
45,Jabari Smith,34,969,156,282,13,35,100,168,,239,75,24,33,88,84,425,0.553,0.371,0.595
46,DeeAndre Hulett,No College Data,,,,,,,,,,,,,,,,,,
47,Josip Sesar,No College Data,,,,,,,,,,,,,,,,,,
48,Mark Karcher,No College Data,,,,,,,,,,,,,,,,,,
49,Jason Hart,32,1083,125,304,38,115,94,128,,96,208,59,3,111,78,382,0.411,0.33,0.734
50,Kaniel Dickens,29,796,118,243,13,34,102,160,,192,27,26,25,65,96,351,0.486,0.382,0.638
51,Igor Rakocevic,No College Data,,,,,,,,,,,,,,,,,,
52,Ernest Brown,33,,168,276,0,0,59,113,,227,21,,,,,395,0.609,,0.522
53,Dan McClintock,31,754,190,318,0,0,103,151,,202,36,11,70,57,88,483,0.597,,0.682
54,Cory Hightower,No College Data,,,,,,,,,,,,,,,,,,
55,Chris Porter,26,755,141,304,4,17,94,139,,191,30,52,9,54,70,380,0.464,0.235,0.676
56,Jaquay Walls,No College Data,,,,,,,,,,,,,,,,,,
57,Scoonie Penn,No College Data,,,,,,,,,,,,,,,,,,
58,Pete Mickeal,No College Data,,,,,,,,,,,,,,,,,,
59,Kwame Brown,No College Data,,,,,,,,,,,,,,,,,,
60,Tyson Chandler,No College Data,,,,,,,,,,,,,,,,,,
61,Pau Gasol,No College Data,,,,,,,,,,,,,,,,,,
62,Eddy Curry,No College Data,,,,,,,,,,,,,,,,,,
63,Jason Richardson,33,940,182,362,49,122,73,106,,195,73,38,28,42,74,486,0.503,0.402,0.689
64,Shane Battier,39,1363,251,533,124,296,152,191,,285,72,82,88,60,80,778,0.471,0.419,0.796
65,Eddie Griffin,30,979,206,480,41,128,80,109,,323,49,26,133,67,71,533,0.429,0.32,0.734
66,DeSagana Diop,No College Data,,,,,,,,,,,,,,,,,,
67,Rodney White,28,865,188,386,33,95,114,160,,182,41,34,20,82,73,523,0.487,0.347,0.713
68,Joe Johnson,30,873,162,346,35,79,68,91,,193,77,43,12,70,46,427,0.468,0.443,0.747
69,Kedrick Brown,32,,266,504,76,188,124,169,,280,97,,,,,732,0.528,0.404,0.734
70,Vladimir Radmanovic,No College Data,,,,,,,,,,,,,,,,,,
71,Richard Jefferson,35,961,147,307,31,90,72,110,,190,94,27,28,104,98,397,0.479,0.344,0.655
72,Troy Murphy,30,1090,223,473,30,86,177,231,,277,62,27,50,90,96,653,0.471,0.349,0.766
73,Steven Hunter,30,808,138,233,0,0,67,125,,169,15,5,72,44,70,343,0.592,,0.536
74,Kirk Haston,33,1018,243,552,26,69,114,166,,288,41,36,40,79,93,626,0.44,0.377,0.687
75,Michael Bradley,31,1053,254,367,12,34,125,212,,303,81,28,56,88,89,645,0.692,0.353,0.59
76,Jason Collins,34,895,168,271,12,26,145,185,,265,51,28,43,53,79,493,0.62,0.462,0.784
77,Zach Randolph,33,654,138,235,0,1,80,126,,221,34,24,22,53,60,356,0.587,0,0.635
78,Brendan Haywood,33,901,155,262,0,0,95,184,,242,42,18,120,66,97,405,0.592,,0.516
79,Joseph Forte,33,1145,251,558,55,146,133,156,,201,116,67,12,84,60,690,0.45,0.377,0.853
80,Jeryl Sasser,29,1011,170,431,35,122,117,163,,242,22,41,16,62,62,492,0.394,0.287,0.718
81,Brandon Armstrong,31,1027,240,537,76,198,128,155,,101,46,46,6,65,85,684,0.447,0.384,0.826
82,Raul Lopez,No College Data,,,,,,,,,,,,,,,,,,
83,Gerald Wallace,36,824,126,288,11,63,88,155,,216,55,42,37,86,87,351,0.438,0.175,0.568
84,Samuel Dalembert,29,622,100,177,0,0,40,72,,166,9,14,60,55,95,240,0.565,,0.556
85,Jamaal Tinsley,31,999,139,348,37,97,128,185,,117,187,79,19,117,92,443,0.399,0.381,0.692
86,Tony Parker,No College Data,,,,,,,,,,,,,,,,,,
87,Trenton Hassell,32,1213,246,507,53,136,148,186,,249,144,39,15,121,67,693,0.485,0.39,0.796
88,Gilbert Arenas,36,1044,208,434,69,166,97,134,,131,84,65,7,101,82,582,0.479,0.416,0.724
89,Omar Cook,29,1107,141,392,68,220,95,128,,88,252,66,5,148,82,445,0.36,0.309,0.742
90,Will Solomon,30,998,183,461,95,252,130,165,,86,102,42,9,123,71,591,0.397,0.377,0.788
91,Terence Morris,36,993,158,366,26,90,97,122,,277,68,32,79,64,94,439,0.432,0.289,0.795
92,Brian Scalabrine,34,1116,173,362,20,66,133,166,,202,96,30,31,104,89,499,0.478,0.303,0.801
93,Jeff Trepagnier,21,621,72,159,8,34,37,61,,107,33,32,20,40,56,189,0.453,0.235,0.607
94,Damone Brown,34,1242,215,437,4,14,125,158,,300,56,58,48,69,92,559,0.492,0.286,0.791
95,Mehmet Okur,No College Data,,,,,,,,,,,,,,,,,,
96,Michael Wright,No College Data,,,,,,,,,,,,,,,,,,
97,Earl Watson,32,1115,172,349,38,108,89,140,,117,166,62,11,108,100,471,0.493,0.352,0.636
98,Jamison Brewer,32,1035,97,207,10,44,64,121,,230,187,48,2,92,49,268,0.469,0.227,0.529
99,Bobby Simmons,29,981,149,333,61,165,124,155,,248,72,23,4,60,97,483,0.447,0.37,0.8
100,Eric Chenowith,No College Data,,,,,,,,,,,,,,,,,,
101,Kyle Hill,No College Data,,,,,,,,,,,,,,,,,,
102,Sean Lampley,31,1073,209,416,7,33,180,244,,224,102,29,14,112,79,605,0.502,0.212,0.738
103,Loren Woods,29,879,133,264,1,3,117,141,,189,62,19,84,59,64,384,0.504,0.333,0.83
104,Ousmane Cisse,No College Data,,,,,,,,,,,,,,,,,,
105,Antonis Fotsis,No College Data,,,,,,,,,,,,,,,,,,
106,Ken Johnson,31,916,145,251,0,0,96,135,,226,25,12,125,73,81,386,0.578,,0.711
107,Ruben Boumtje-Boumtje,33,713,105,203,0,0,89,124,,225,30,22,78,73,84,299,0.517,,0.718
108,Alton Ford,26,663,95,220,9,34,81,133,,154,17,5,19,66,97,280,0.432,0.265,0.609
109,Andre Hutson,No College Data,,,,,,,,,,,,,,,,,,
110,Jarron Collins,34,963,154,276,2,6,125,182,,229,47,21,19,50,86,435,0.558,0.333,0.687
111,Kenny Satterfield,35,1203,163,421,48,144,130,165,,165,177,60,6,111,89,504,0.387,0.333,0.788
112,Maurice Jeffers,No College Data,,,,,,,,,,,,,,,,,,
113,Robertas Javtokas,8,,3,8,0,0,0,5,,10,0,1,4,,,6,0.375,,0
114,Alvin Jones,30,875,134,278,0,2,133,223,,312,46,28,101,90,96,401,0.482,0,0.596
115,Bryan Bracey,No College Data,,,,,,,,,,,,,,,,,,
116,Yao Ming,No College Data,,,,,,,,,,,,,,,,,,
117,Jay Williams,35,1175,249,545,108,282,140,207,,124,187,76,3,131,80,746,0.457,0.383,0.676
118,Mike Dunleavy,35,1133,218,451,88,233,81,119,,251,72,80,26,61,79,605,0.483,0.378,0.681
119,Drew Gooden,37,1119,285,566,10,36,154,204,,423,73,65,53,108,91,734,0.504,0.278,0.755
120,Nikoloz Tskitishvili,No College Data,,,,,,,,,,,,,,,,,,
121,Dajuan Wagner,36,1146,265,647,66,208,166,230,,89,128,43,20,105,101,762,0.41,0.317,0.722
122,Nene Hilario,No College Data,,,,,,,,,,,,,,,,,,
123,Chris Wilcox,36,866,173,343,0,2,86,147,,257,53,28,53,,,432,0.504,0,0.585
124,Amar'e Stoudemire,No College Data,,,,,,,,,,,,,,,,,,
125,Caron Butler,34,1223,253,521,30,75,155,199,,256,101,71,13,98,75,691,0.486,0.4,0.779
126,Jared Jeffries,36,1175,189,414,27,71,134,201,,273,74,54,46,102,88,539,0.457,0.38,0.667
127,Melvin Ely,28,999,246,437,0,1,161,219,,254,50,19,88,73,67,653,0.563,0,0.735
128,Marcus Haislip,25,839,161,311,15,46,80,111,,167,24,11,44,51,86,417,0.518,0.326,0.721
129,Fred Jones,35,1103,215,413,51,137,169,194,,189,111,63,18,82,94,650,0.521,0.372,0.871
130,Bostjan Nachbar,No College Data,,,,,,,,,,,,,,,,,,
131,Jiri Welsch,No College Data,,,,,,,,,,,,,,,,,,
132,Juan Dixon,36,1209,251,535,92,232,141,157,,166,104,92,7,89,72,735,0.469,0.397,0.898
133,Curtis Borchardt,29,896,171,297,11,27,138,206,,332,59,17,83,57,82,491,0.576,0.407,0.67
134,Ryan Humphrey,31,1103,231,472,3,6,122,204,,337,80,33,87,77,83,587,0.489,0.5,0.598
135,Kareem Rush,36,1149,249,585,111,274,103,134,,188,89,39,22,103,76,712,0.426,0.405,0.769
136,Qyntel Woods,23,722,239,495,34,113,230,285,,229,42,,,,,742,0.483,0.301,0.807
137,Casey Jacobsen,30,1058,205,465,64,172,184,237,,135,106,18,3,73,55,658,0.441,0.372,0.776
138,Tayshaun Prince,32,1067,206,441,65,191,83,118,,202,52,34,43,64,51,560,0.467,0.34,0.703
139,Nenad Krstic,No College Data,,,,,,,,,,,,,,,,,,
140,Frank Williams,35,1135,174,443,54,159,164,203,,163,153,71,10,96,73,566,0.393,0.34,0.808
141,John Salmons,32,1077,137,297,22,71,123,146,,191,195,57,20,119,75,419,0.461,0.31,0.842
142,Chris Jefferies,21,726,115,275,42,121,92,145,,133,64,25,25,51,58,364,0.418,0.347,0.634
143,Dan Dickau,32,1110,195,442,117,256,165,191,,95,149,26,4,92,61,672,0.441,0.457,0.864
144,Steve Logan,No College Data,,,,,,,,,,,,,,,,,,
145,Roger Mason,29,1046,162,396,81,221,133,151,,93,119,27,12,86,64,538,0.409,0.367,0.881
146,Robert Archibald,34,769,114,173,0,1,134,205,,188,44,25,38,67,123,362,0.659,0,0.654
147,Vincent Yarbrough,31,1097,194,457,60,167,112,163,,234,87,58,25,,,560,0.425,0.359,0.687
148,Dan Gadzuric,33,865,164,296,0,1,58,123,,255,23,18,42,52,89,386,0.554,0,0.472
149,Carlos Boozer,35,993,230,346,0,1,178,236,,303,38,31,21,65,107,638,0.665,0,0.754
150,Milos Vujanic,No College Data,,,,,,,,,,,,,,,,,,
151,David Andersen,No College Data,,,,,,,,,,,,,,,,,,
152,Tito Maddox,25,807,110,281,20,70,97,138,,144,200,41,5,130,67,337,0.391,0.286,0.703
153,Rod Grizzard,No College Data,,,,,,,,,,,,,,,,,,
154,Juan Carlos Navarro,No College Data,,,,,,,,,,,,,,,,,,
155,Mario Kasun,No College Data,,,,,,,,,,,,,,,,,,
156,Ronald Murray,33,1202,256,526,45,129,220,285,,209,205,63,25,154,79,777,0.487,0.349,0.772
157,Jason Jennings,No College Data,,,,,,,,,,,,,,,,,,
158,Lonny Baxter,35,1005,193,354,0,1,147,236,,288,28,33,69,76,103,533,0.545,0,0.623
159,Sam Clancy,No College Data,,,,,,,,,,,,,,,,,,
160,Matt Barnes,31,953,152,323,43,103,73,118,,192,108,35,10,87,75,420,0.471,0.417,0.619
161,Jamal Sampson,32,797,78,183,0,0,50,95,,209,38,15,54,53,85,206,0.426,,0.526
162,Chris Owens,11,299,62,124,3,10,47,75,,81,9,8,21,19,27,174,0.5,0.3,0.627
163,Peter Fehse,No College Data,,,,,,,,,,,,,,,,,,
164,Darius Songaila,34,1036,204,390,6,16,193,226,,276,89,45,27,119,104,607,0.523,0.375,0.854
165,Federico Kammerichs,No College Data,,,,,,,,,,,,,,,,,,
166,Marcus Taylor,No College Data,,,,,,,,,,,,,,,,,,
167,Rasual Butler,32,1252,233,537,57,158,147,172,,283,44,41,43,84,55,670,0.434,0.361,0.855
168,Tamar Slay,30,1031,196,439,80,191,95,130,,161,72,49,16,89,81,567,0.446,0.419,0.731
169,Mladen Sekularac,No College Data,,,,,,,,,,,,,,,,,,
170,Luis Scola,No College Data,,,,,,,,,,,,,,,,,,
171,Randy Holcomb,33,1067,220,426,12,40,106,167,,296,57,24,32,,,558,0.516,0.3,0.635
172,Corsley Edwards,32,992,178,353,0,0,137,180,,278,33,44,48,,,493,0.504,,0.761
173,LeBron James,No College Data,,,,,,,,,,,,,,,,,,
174,Darko Milicic,No College Data,,,,,,,,,,,,,,,,,,
175,Carmelo Anthony,35,1274,277,612,56,166,168,238,,349,77,55,30,77,77,778,0.453,0.337,0.706
176,Chris Bosh,31,960,168,300,22,46,127,174,,278,38,30,67,72,73,485,0.56,0.478,0.73
177,Dwyane Wade,33,1058,251,501,14,44,194,249,,209,145,71,43,107,76,710,0.501,0.318,0.779
178,Chris Kaman,31,1055,244,392,0,0,206,275,,373,37,19,98,137,99,694,0.622,,0.749
179,Kirk Hinrich,37,1241,232,488,89,219,88,125,,139,130,69,16,83,78,641,0.475,0.406,0.704
180,T.J. Ford,33,1110,159,397,18,68,159,194,,128,254,66,5,107,83,495,0.401,0.265,0.82
181,Mike Sweetney,34,1100,264,483,0,3,248,336,,352,66,50,109,71,95,776,0.547,0,0.738
182,Jarvis Hayes,27,872,185,368,54,127,69,88,,119,54,31,12,38,64,493,0.503,0.425,0.784
183,Mickael Pietrus,No College Data,,,,,,,,,,,,,,,,,,
184,Nick Collison,38,1232,281,507,13,38,127,200,,380,84,44,74,,,702,0.554,0.342,0.635
185,Marcus Banks,32,1154,223,434,41,122,162,214,,107,175,91,4,126,87,649,0.514,0.336,0.757
186,Luke Ridnour,33,1169,203,470,81,212,162,184,,112,218,63,2,129,77,649,0.432,0.382,0.88
187,Reece Gaines,32,1030,177,383,75,192,145,197,,94,159,55,4,95,82,574,0.462,0.391,0.736
188,Troy Bell,31,1198,224,508,106,264,227,268,,142,115,70,6,79,66,781,0.441,0.402,0.847
189,Zarko Cabarkapa,No College Data,,,,,,,,,,,,,,,,,,
190,David West,32,1168,213,415,9,26,209,256,,378,102,42,52,85,95,644,0.513,0.346,0.816
191,Sasha Pavlovic,No College Data,,,,,,,,,,,,,,,,,,
192,Dahntay Jones,33,1014,198,421,47,118,140,187,,180,29,38,18,63,101,583,0.47,0.398,0.749
193,Boris Diaw,No College Data,,,,,,,,,,,,,,,,,,
194,Zoran Planinic,No College Data,,,,,,,,,,,,,,,,,,
195,Travis Outlaw,No College Data,,,,,,,,,,,,,,,,,,
196,Brian Cook,30,940,202,422,27,89,168,205,,227,60,20,13,83,88,599,0.479,0.303,0.82
197,Carlos Delfino,No College Data,,,,,,,,,,,,,,,,,,
198,Ndudi Ebi,No College Data,,,,,,,,,,,,,,,,,,
199,Kendrick Perkins,No College Data,,,,,,,,,,,,,,,,,,
200,Leandro Barbosa,No College Data,,,,,,,,,,,,,,,,,,
201,Josh Howard,31,1002,204,428,53,142,145,174,,257,59,64,48,82,89,606,0.477,0.373,0.833
202,Maciej Lampe,No College Data,,,,,,,,,,,,,,,,,,
203,Jason Kapono,29,969,171,374,64,161,81,92,,151,59,17,0,61,65,487,0.457,0.398,0.88
204,Luke Walton,28,772,107,255,28,73,59,87,,157,142,26,7,78,56,301,0.42,0.384,0.678
205,Jerome Beasley,29,919,293,571,33,72,153,208,,259,18,16,22,53,61,772,0.513,0.458,0.736
206,Sofoklis Schortsanitis,No College Data,,,,,,,,,,,,,,,,,,
207,Szymon Szewczyk,No College Data,,,,,,,,,,,,,,,,,,
208,Mario Austin,25,,149,279,5,12,85,128,,192,30,27,17,,,388,0.534,0.417,0.664
209,Travis Hansen,32,1025,169,383,36,106,163,204,,152,77,29,20,84,97,537,0.441,0.34,0.799
210,Steve Blake,31,1009,114,275,64,154,68,83,,114,221,50,5,99,54,360,0.415,0.416,0.819
211,Slavko Vranes,No College Data,,,,,,,,,,,,,,,,,,
212,Derrick Zimmerman,31,1024,99,208,15,52,63,97,,130,171,58,26,,,276,0.476,0.288,0.649
213,Willie Green,30,1021,244,498,37,99,153,190,,148,75,40,13,68,71,678,0.49,0.374,0.805
214,Zaza Pachulia,No College Data,,,,,,,,,,,,,,,,,,
215,Keith Bogans,36,1068,194,425,80,209,96,130,,138,98,42,4,78,60,564,0.456,0.383,0.738
216,Malick Badiane,No College Data,,,,,,,,,,,,,,,,,,
217,Matt Bonner,33,1037,182,357,63,133,74,101,,201,49,35,20,,,501,0.51,0.474,0.733
218,Sani Becirovic,No College Data,,,,,,,,,,,,,,,,,,
219,Mo Williams,29,1038,160,371,57,180,98,117,,113,112,36,5,86,61,475,0.431,0.317,0.838
220,James Lang,No College Data,,,,,,,,,,,,,,,,,,
221,James Jones,28,957,157,351,40,100,118,142,,169,49,44,50,69,76,472,0.447,0.4,0.831
222,Paccelis Morlende,No College Data,,,,,,,,,,,,,,,,,,
223,Kyle Korver,34,1082,183,391,129,269,109,120,,217,104,50,23,68,89,604,0.468,0.48,0.908
224,Remon Van de Hare,No College Data,,,,,,,,,,,,,,,,,,
225,Tommy Smith,No College Data,,,,,,,,,,,,,,,,,,
226,Nedzad Sinanovic,No College Data,,,,,,,,,,,,,,,,,,
227,Rick Rickert,No College Data,,,,,,,,,,,,,,,,,,
228,Brandon Hunter,30,1146,217,415,11,37,199,335,,378,78,25,35,108,84,644,0.523,0.297,0.594
229,Xue Yuyang,No College Data,,,,,,,,,,,,,,,,,,
230,Andreas Glyniadakis,No College Data,,,,,,,,,,,,,,,,,,
231,Dwight Howard,No College Data,,,,,,,,,,,,,,,,,,
232,Emeka Okafor,36,1166,261,436,0,0,113,218,,415,36,36,147,,,635,0.599,,0.518
233,Ben Gordon,39,1346,239,551,104,240,141,170,,184,176,53,6,,,723,0.434,0.433,0.829
234,Shaun Livingston,No College Data,,,,,,,,,,,,,,,,,,
235,Devin Harris,32,1162,189,412,75,201,171,216,,139,141,56,4,,,624,0.459,0.373,0.792
236,Josh Childress,23,685,124,254,34,86,78,95,,173,61,20,37,,,360,0.488,0.395,0.821
237,Luol Deng,37,1149,210,441,40,111,98,138,,255,68,49,39,,,558,0.476,0.36,0.71
238,Rafael Araujo,30,895,211,368,8,30,122,169,,303,37,43,25,,,552,0.573,0.267,0.722
239,Andre Iguodala,30,962,136,302,23,73,93,118,,253,147,48,11,,,388,0.45,0.315,0.788
240,Luke Jackson,31,1072,210,430,73,166,163,189,,223,139,39,5,,,656,0.488,0.44,0.862
241,Andris Biedrins,No College Data,,,,,,,,,,,,,,,,,,
242,Robert Swift,No College Data,,,,,,,,,,,,,,,,,,
243,Sebastian Telfair,No College Data,,,,,,,,,,,,,,,,,,
244,Kris Humphries,29,990,221,498,17,50,170,229,,294,20,27,33,,,629,0.444,0.34,0.742
245,Al Jefferson,No College Data,,,,,,,,,,,,,,,,,,
246,Kirk Snyder,34,1079,209,485,54,155,166,227,,195,117,35,22,,,638,0.431,0.348,0.731
247,Josh Smith,No College Data,,,,,,,,,,,,,,,,,,
248,J.R. Smith,No College Data,,,,,,,,,,,,,,,,,,
249,Dorell Wright,No College Data,,,,,,,,,,,,,,,,,,
250,Jameer Nelson,32,1085,234,493,73,187,118,149,,150,170,89,1,,,659,0.475,0.39,0.792
251,Pavel Podkolzin,No College Data,,,,,,,,,,,,,,,,,,
252,Viktor Khryapa,No College Data,,,,,,,,,,,,,,,,,,
253,Sergei Monia,No College Data,,,,,,,,,,,,,,,,,,
254,Delonte West,32,1073,212,416,56,136,124,139,,172,151,55,6,,,604,0.51,0.412,0.892
255,Tony Allen,35,1107,204,405,22,74,131,194,,193,109,72,30,,,561,0.504,0.297,0.675
256,Kevin Martin,27,843,208,439,51,152,206,252,,130,47,50,8,,,673,0.474,0.336,0.817
257,Sasha Vujacic,No College Data,,,,,,,,,,,,,,,,,,
258,Beno Udrih,No College Data,,,,,,,,,,,,,,,,,,
259,David Harrison,29,916,186,295,0,1,125,232,,254,25,17,85,,,497,0.631,0,0.539
260,Anderson Varejao,No College Data,,,,,,,,,,,,,,,,,,
261,Jackson Vroman,32,983,186,330,1,7,72,142,,307,75,46,22,,,445,0.564,0.143,0.507
262,Peter John Ramos,No College Data,,,,,,,,,,,,,,,,,,
263,Lionel Chalmers,37,1293,204,454,101,247,105,148,,122,117,40,1,,,614,0.449,0.409,0.709
264,Donta Smith,33,,278,515,64,165,231,284,,236,113,,,,,851,0.54,0.388,0.813
265,Andre Emmett,34,1259,260,494,16,45,165,226,,225,62,44,10,,,701,0.526,0.356,0.73
266,Antonio Burks,30,1030,176,371,57,138,72,114,,96,165,71,7,,,481,0.474,0.413,0.632
267,Royal Ivey,33,979,111,248,12,31,77,123,,133,141,41,8,,,311,0.448,0.387,0.626
268,Chris Duhon,37,1311,138,308,29,96,65,90,,150,225,80,7,,,370,0.448,0.302,0.722
269,Albert Miralles,No College Data,,,,,,,,,,,,,,,,,,
270,Justin Reed,28,939,193,416,14,59,117,160,,209,41,19,23,,,517,0.464,0.237,0.731
271,David Young,No College Data,,,,,,,,,,,,,,,,,,
272,Viktor Sanikidze,No College Data,,,,,,,,,,,,,,,,,,
273,Trevor Ariza,25,789,107,251,18,76,57,113,,162,52,42,11,,,289,0.426,0.237,0.504
274,Tim Pickett,No College Data,,,,,,,,,,,,,,,,,,
275,Bernard Robinson,34,1095,150,347,17,68,94,122,,194,130,64,10,,,411,0.432,0.25,0.77
276,Ha Seung-Jin,No College Data,,,,,,,,,,,,,,,,,,
277,Pape Sow,28,901,160,324,8,24,156,231,,272,25,44,16,,,484,0.494,0.333,0.675
278,Ricky Minard,No College Data,,,,,,,,,,,,,,,,,,
279,Sergei Lishouk,No College Data,,,,,,,,,,,,,,,,,,
280,Vassilis Spanoulis,No College Data,,,,,,,,,,,,,,,,,,
281,Christian Drejer,No College Data,,,,,,,,,,,,,,,,,,
282,Romain Sato,No College Data,,,,,,,,,,,,,,,,,,
283,Matt Freije,33,985,185,446,62,174,175,222,,178,30,23,21,,,607,0.415,0.356,0.788
284,Rickey Paulding,No College Data,,,,,,,,,,,,,,,,,,
285,Luis Flores,31,1121,234,529,68,182,208,241,,122,50,60,4,,,744,0.442,0.374,0.863
286,Marcus Douthit,No College Data,,,,,,,,,,,,,,,,,,
287,Sergei Karaulov,No College Data,,,,,,,,,,,,,,,,,,
288,Blake Stepp,No College Data,,,,,,,,,,,,,,,,,,
289,Rashad Wright,No College Data,,,,,,,,,,,,,,,,,,
290,Andrew Bogut,35,1224,281,453,9,25,144,208,,427,82,34,65,,,715,0.62,0.36,0.692
291,Marvin Williams,36,800,125,247,19,44,138,163,,236,26,39,17,,,407,0.506,0.432,0.847
292,Deron Williams,39,1315,178,411,68,187,65,96,,142,264,38,8,,,489,0.433,0.364,0.677
293,Chris Paul,32,1069,143,317,46,97,156,187,,144,212,76,1,,,488,0.451,0.474,0.834
294,Raymond Felton,36,1142,150,330,70,159,94,134,,155,249,72,11,,,464,0.455,0.44,0.701
295,Martell Webster,No College Data,,,,,,,,,,,,,,,,,,
296,Charlie Villanueva,31,798,159,305,6,12,97,141,,257,40,20,57,,,421,0.521,0.5,0.688
297,Channing Frye,37,1148,227,410,3,17,127,153,,282,72,35,85,,,584,0.554,0.176,0.83
298,Ike Diogu,32,1164,229,398,18,45,248,311,,312,43,18,75,,,724,0.575,0.4,0.797
299,Andrew Bynum,No College Data,,,,,,,,,,,,,,,,,,
300,Fran Vazquez,No College Data,,,,,,,,,,,,,,,,,,
301,Yaroslav Korolev,No College Data,,,,,,,,,,,,,,,,,,
302,Sean May,37,992,228,402,0,3,191,252,,397,62,43,38,,,647,0.567,0,0.758
303,Rashad McCants,33,856,183,374,71,168,91,126,,99,88,43,22,,,528,0.489,0.423,0.722
304,Antoine Wright,31,1052,193,385,71,159,96,139,,185,69,36,22,,,553,0.501,0.447,0.691
305,Joey Graham,33,1009,201,380,26,55,157,177,,204,67,30,5,,,585,0.529,0.473,0.887
306,Danny Granger,30,900,183,349,45,104,154,204,,266,71,63,60,,,565,0.524,0.433,0.755
307,Gerald Green,No College Data,,,,,,,,,,,,,,,,,,
308,Hakim Warrick,34,1275,253,462,9,31,211,310,,294,50,33,27,,,726,0.548,0.29,0.681
309,Julius Hodge,34,1177,197,400,14,55,169,253,,225,162,48,24,,,577,0.493,0.255,0.668
310,Nate Robinson,35,1101,188,406,62,161,136,174,,135,149,61,6,,,574,0.463,0.385,0.782
311,Jarrett Jack,32,1091,164,319,46,104,123,142,,155,145,58,3,,,497,0.514,0.442,0.866
312,Francisco Garcia,38,1211,187,428,71,194,150,171,,158,148,65,56,,,595,0.437,0.366,0.877
313,Luther Head,39,1297,214,462,116,283,78,99,,155,150,67,9,,,622,0.463,0.41,0.788
314,Johan Petro,No College Data,,,,,,,,,,,,,,,,,,
315,Jason Maxiell,33,1037,164,302,2,5,176,273,,254,28,33,90,,,506,0.543,0.4,0.645
316,Linas Kleiza,33,1038,165,409,31,113,169,231,,250,53,20,9,,,530,0.403,0.274,0.732
317,Ian Mahinmi,No College Data,,,,,,,,,,,,,,,,,,
318,Wayne Simien,26,892,191,346,4,14,142,174,,287,36,15,16,,,528,0.552,0.286,0.816
319,David Lee,32,897,160,305,0,4,115,161,,288,70,34,24,,,435,0.525,0,0.714
320,Salim Stoudamire,36,1126,210,417,120,238,122,134,,83,78,30,4,,,662,0.504,0.504,0.91
321,Daniel Ewing,33,1138,181,424,69,199,74,107,,104,132,65,13,,,505,0.427,0.347,0.692
322,Brandon Bass,30,1007,181,319,12,26,146,188,,272,25,24,48,,,520,0.567,0.462,0.777
323,C.J. Miles,No College Data,,,,,,,,,,,,,,,,,,
324,Ricky Sanchez,No College Data,,,,,,,,,,,,,,,,,,
325,Ersan Ilyasova,No College Data,,,,,,,,,,,,,,,,,,
326,Ronny Turiaf,31,967,157,309,2,7,177,259,,295,48,12,59,,,493,0.508,0.286,0.683
327,Travis Diener,23,783,131,312,68,168,124,148,,90,160,31,1,,,454,0.42,0.405,0.838
328,Von Wafer,29,758,124,284,65,164,49,68,,73,48,30,8,,,362,0.437,0.396,0.721
329,Monta Ellis,No College Data,,,,,,,,,,,,,,,,,,
330,Roko Ukic,No College Data,,,,,,,,,,,,,,,,,,
331,Chris Taft,29,769,159,274,0,0,68,116,,218,24,11,50,,,386,0.58,,0.586
332,Mile Ilic,No College Data,,,,,,,,,,,,,,,,,,
333,Martynas Andriuskevicius,No College Data,,,,,,,,,,,,,,,,,,
334,Louis Williams,No College Data,,,,,,,,,,,,,,,,,,
335,Erazem Lorbek,35,,87,163,12,26,37,57,,115,20,22,19,,,223,0.534,0.462,0.649
336,Bracey Wright,26,917,150,363,50,152,126,161,,125,70,29,15,,,476,0.413,0.329,0.783
337,Mickael Gelabale,No College Data,,,,,,,,,,,,,,,,,,
338,Andray Blatche,No College Data,,,,,,,,,,,,,,,,,,
339,Ryan Gomes,31,1161,247,498,52,137,124,161,,255,100,47,5,,,670,0.496,0.38,0.77
340,Robert Whaley,35,1049,294,574,3,14,105,183,,263,48,,,,,696,0.512,0.214,0.574
341,Axel Hervelle,No College Data,,,,,,,,,,,,,,,,,,
342,Orien Greene,24,775,92,237,34,106,62,82,,113,98,,,,,280,0.388,0.321,0.756
343,Dijon Thompson,28,970,183,386,43,115,107,136,,222,63,42,9,,,516,0.474,0.374,0.787
344,Lawrence Roberts,32,1023,171,382,12,41,188,288,,351,61,50,26,,,542,0.448,0.293,0.653
345,Amir Johnson,No College Data,,,,,,,,,,,,,,,,,,
346,Marcin Gortat,No College Data,,,,,,,,,,,,,,,,,,
347,Uros Slokar,No College Data,,,,,,,,,,,,,,,,,,
348,Cenk Akyol,No College Data,,,,,,,,,,,,,,,,,,
349,Alex Acker,31,1152,183,407,59,137,91,106,,201,114,40,15,,,516,0.45,0.431,0.858
350,Andrea Bargnani,No College Data,,,,,,,,,,,,,,,,,,
351,LaMarcus Aldridge,37,1247,219,385,0,0,117,181,,339,20,50,73,,,555,0.569,,0.646
352,Adam Morrison,33,1205,306,617,74,173,240,311,,182,56,35,11,,,926,0.496,0.428,0.772
353,Tyrus Thomas,32,829,152,250,1,1,90,137,,295,42,33,99,,,395,0.608,1,0.657
354,Shelden Williams,36,1198,237,410,2,6,201,270,,384,39,60,137,,,677,0.578,0.333,0.744
355,Brandon Roy,33,1046,228,449,39,97,171,211,,186,135,46,26,,,666,0.508,0.402,0.81
356,Randy Foye,33,1145,226,550,89,254,136,172,,190,100,46,21,,,677,0.411,0.35,0.791
357,Rudy Gay,33,1015,187,406,28,88,101,138,,210,68,58,52,,,503,0.461,0.318,0.732
358,Patrick O'Bryant,25,642,133,241,0,0,69,102,,207,21,22,72,,,335,0.552,,0.676
359,Mouhamed Sene,No College Data,,,,,,,,,,,,,,,,,,
360,J.J. Redick,36,1336,302,643,139,330,221,256,,71,95,52,2,,,964,0.47,0.421,0.863
361,Hilton Armstrong,34,943,118,194,1,2,92,133,,226,25,21,107,,,329,0.608,0.5,0.692
362,Thabo Sefolosha,No College Data,,,,,,,,,,,,,,,,,,
363,Ronnie Brewer,32,1112,197,447,51,151,144,192,,154,104,83,15,,,589,0.441,0.338,0.75
364,Cedric Simmons,32,880,128,218,2,2,120,177,,203,54,21,80,,,378,0.587,1,0.678
365,Rodney Carney,37,1027,220,505,102,261,94,132,,158,47,49,25,,,636,0.436,0.391,0.712
366,Shawne Williams,36,1002,156,375,48,154,114,145,,222,67,50,49,,,474,0.416,0.312,0.786
367,Oleksiy Pecherov,No College Data,,,,,,,,,,,,,,,,,,
368,Quincy Douby,33,1211,287,621,116,289,149,176,,141,103,58,27,,,839,0.462,0.401,0.847
369,Renaldo Balkman,38,978,152,250,4,13,56,104,,239,73,65,48,,,364,0.608,0.308,0.538
370,Rajon Rondo,34,1054,147,305,18,66,68,119,,209,167,69,5,,,380,0.482,0.273,0.571
371,Marcus Williams,23,767,83,204,24,60,94,109,,89,198,21,5,,,284,0.407,0.4,0.862
372,Josh Boone,34,922,137,243,0,0,76,139,,238,22,13,69,,,350,0.564,,0.547
373,Kyle Lowry,33,967,117,251,8,18,121,154,,143,122,77,8,,,363,0.466,0.444,0.786
374,Shannon Brown,34,1196,202,433,64,164,117,141,,150,93,50,5,,,585,0.467,0.39,0.83
375,Jordan Farmar,37,1125,172,420,63,189,91,127,,95,189,41,9,,,498,0.41,0.333,0.717
376,Sergio Rodriguez,No College Data,,,,,,,,,,,,,,,,,,
377,Maurice Ager,34,1170,226,495,83,221,121,159,,139,84,23,11,,,656,0.457,0.376,0.761
378,Mardy Collins,32,1212,202,468,42,137,90,151,,150,127,89,6,,,536,0.432,0.307,0.596
379,Joel Freeland,No College Data,,,,,,,,,,,,,,,,,,
380,James White,33,1104,177,363,49,131,134,160,,167,67,36,28,,,537,0.488,0.374,0.838
381,Steve Novak,31,1047,173,363,121,259,74,76,,183,39,18,4,,,541,0.477,0.467,0.974
382,Solomon Jones,29,1056,139,287,0,2,105,135,,285,39,25,89,,,383,0.484,0,0.778
383,Paul Davis,33,1018,206,364,6,19,160,184,,301,54,34,29,,,578,0.566,0.316,0.87
384,P.J. Tucker,37,1276,225,437,2,3,142,190,,353,106,66,13,,,594,0.515,0.667,0.747
385,Craig Smith,36,1305,243,424,1,12,146,227,,339,109,44,29,,,633,0.573,0.083,0.643
386,Bobby Jones,33,874,113,239,29,88,88,118,,163,43,40,17,,,343,0.473,0.33,0.746
387,Kosta Perovic,No College Data,,,,,,,,,,,,,,,,,,
388,David Noel,31,1045,158,297,39,92,45,72,,211,107,34,23,,,400,0.532,0.424,0.625
389,Denham Brown,No College Data,,,,,,,,,,,,,,,,,,
390,James Augustine,33,1079,174,279,1,2,99,152,,300,59,47,24,,,448,0.624,0.5,0.651
391,Daniel Gibson,37,1228,163,402,101,266,69,95,,133,116,49,12,,,496,0.405,0.38,0.726
392,Marcus Vinicius,No College Data,,,,,,,,,,,,,,,,,,
393,Lior Eliyahu,No College Data,,,,,,,,,,,,,,,,,,
394,Alexander Johnson,29,723,127,235,9,29,120,170,,216,21,31,30,,,383,0.54,0.31,0.706
395,Dee Brown,33,1183,157,437,78,243,78,103,,102,191,53,1,,,470,0.359,0.321,0.757
396,Paul Millsap,33,1126,258,452,5,14,127,204,,438,36,62,76,,,648,0.571,0.357,0.623
397,Vladimir Veremeenko,No College Data,,,,,,,,,,,,,,,,,,
398,Leon Powe,27,953,178,359,3,9,194,270,,273,38,24,15,,,553,0.496,0.333,0.719
399,Ryan Hollins,33,710,83,134,0,0,65,108,,157,10,7,29,,,231,0.619,,0.602
400,Cheikh Samb,No College Data,,,,,,,,,,,,,,,,,,
401,Guillermo Diaz,34,1196,194,467,78,214,120,152,,100,97,39,7,,,586,0.415,0.364,0.789
402,Yotam Halperin,No College Data,,,,,,,,,,,,,,,,,,
403,Hassan Adams,31,1031,234,490,17,65,58,95,,155,90,82,14,,,543,0.478,0.262,0.611
404,Ejike Ugboaja,No College Data,,,,,,,,,,,,,,,,,,
405,Edin Bavcic,No College Data,,,,,,,,,,,,,,,,,,
406,Loukas Mavrokefalidis,No College Data,,,,,,,,,,,,,,,,,,
407,J.R. Pinnock,No College Data,,,,,,,,,,,,,,,,,,
408,Damir Markota,No College Data,,,,,,,,,,,,,,,,,,
409,Will Blalock,30,1072,177,396,47,118,60,91,,99,184,65,2,,,461,0.447,0.398,0.659
410,Greg Oden,32,925,189,307,0,0,123,196,,306,21,18,105,,,501,0.616,,0.628
411,Kevin Durant,35,1255,306,647,82,203,209,256,,390,46,66,67,,,903,0.473,0.404,0.816
412,Al Horford,38,1057,186,306,0,2,130,202,,360,82,28,70,,,502,0.608,0,0.644
413,Mike Conley,39,1231,160,309,21,69,100,144,,134,238,87,10,,,441,0.518,0.304,0.694
414,Jeff Green,37,1232,196,382,36,96,100,129,,236,117,30,43,,,528,0.513,0.375,0.775
415,Yi Jianlian,No College Data,,,,,,,,,,,,,,,,,,
416,Corey Brewer,37,1053,169,356,40,119,112,155,,173,109,69,15,,,490,0.475,0.336,0.723
417,Brandan Wright,37,1013,228,353,0,0,89,157,,229,37,36,65,,,545,0.646,,0.567
418,Joakim Noah,40,1034,173,285,1,1,132,199,,337,90,45,72,,,479,0.607,1,0.663
419,Spencer Hawes,31,896,193,363,1,3,74,98,,197,60,16,54,,,461,0.532,0.333,0.755
420,Acie Law,34,1153,216,432,38,83,144,185,,113,169,39,1,,,614,0.5,0.458,0.778
421,Thaddeus Young,31,917,177,370,39,93,52,70,,151,63,39,12,,,445,0.478,0.419,0.743
422,Julian Wright,38,1048,190,346,3,13,73,119,,298,82,55,49,,,456,0.549,0.231,0.613
423,Al Thornton,35,1092,244,460,36,81,166,210,,251,24,53,40,,,690,0.53,0.444,0.79
424,Rodney Stuckey,29,965,227,501,43,161,215,254,,135,160,71,9,,,712,0.453,0.267,0.846
425,Nick Young,37,1227,239,455,44,100,125,159,,171,50,27,10,,,647,0.525,0.44,0.786
426,Sean Williams,15,483,63,115,0,0,56,80,,104,18,21,75,,,182,0.548,,0.7
427,Marco Belinelli,No College Data,,,,,,,,,,,,,,,,,,
428,Javaris Crittenton,32,1003,158,351,36,101,108,138,,119,184,65,2,,,460,0.45,0.356,0.783
429,Jason Smith,30,905,175,302,0,3,154,200,,304,58,16,47,,,504,0.579,0,0.77
430,Daequan Cook,39,770,141,317,54,130,46,66,,167,40,28,10,,,382,0.445,0.415,0.697
431,Jared Dudley,30,1152,195,347,39,88,142,191,,248,90,42,10,,,571,0.562,0.443,0.743
432,Wilson Chandler,34,1078,194,431,39,117,70,107,,235,48,22,47,,,497,0.45,0.333,0.654
433,Rudy Fernandez,No College Data,,,,,,,,,,,,,,,,,,
434,Morris Almond,32,1069,263,544,77,169,241,285,,210,37,38,24,,,844,0.483,0.456,0.846
435,Aaron Brooks,35,1289,213,463,80,198,115,136,,149,149,48,6,,,621,0.46,0.404,0.846
436,Arron Afflalo,36,1186,210,456,87,232,101,126,,99,70,22,8,,,608,0.461,0.375,0.802
437,Tiago Splitter,No College Data,,,,,,,,,,,,,,,,,,
438,Alando Tucker,36,1181,256,545,40,123,164,249,,196,73,33,10,,,716,0.47,0.325,0.659
439,Petteri Koponen,No College Data,,,,,,,,,,,,,,,,,,
440,Carl Landry,34,1035,219,367,4,19,201,277,,249,42,40,32,,,643,0.597,0.211,0.726
441,Gabe Pruitt,26,861,104,250,48,137,68,85,,73,113,47,7,,,324,0.416,0.35,0.8
442,Marcus Williams,30,987,196,397,23,80,82,118,,200,67,,,,,497,0.494,0.288,0.695
443,Nick Fazekas,32,969,248,437,28,65,128,151,,354,56,24,48,,,652,0.568,0.431,0.848
444,Glen Davis,29,1016,178,368,17,49,139,195,,303,66,32,28,,,512,0.484,0.347,0.713
445,Jermareo Davidson,30,968,149,366,4,16,117,151,,247,44,23,70,,,419,0.407,0.25,0.775
446,Josh McRoberts,33,1164,164,327,5,23,97,146,,260,114,39,82,,,430,0.502,0.217,0.664
447,Kyrylo Fesenko,No College Data,,,,,,,,,,,,,,,,,,
448,Stanko Barac,No College Data,,,,,,,,,,,,,,,,,,
449,Sun Yue,No College Data,,,,,,,,,,,,,,,,,,
450,Chris Richard,40,735,98,142,0,0,52,83,,147,17,13,12,,,248,0.69,,0.627
451,Derrick Byars,34,,206,451,79,212,86,121,,165,116,48,4,,,577,0.457,0.373,0.711
452,Adam Haluska,No College Data,,,,,,,,,,,,,,,,,,
453,Reyshawn Terry,No College Data,,,,,,,,,,,,,,,,,,
454,Jared Jordan,No College Data,,,,,,,,,,,,,,,,,,
455,Stephane Lasme,33,1010,165,270,0,0,117,188,,315,28,29,168,,,447,0.611,,0.622
456,Dominic McGuire,32,1054,153,325,20,67,106,181,,314,104,28,114,,,432,0.471,0.299,0.586
457,Marc Gasol,No College Data,,,,,,,,,,,,,,,,,,
458,Aaron Gray,36,1016,204,361,0,0,91,166,,341,61,15,62,,,499,0.565,,0.548
459,Renaldas Seibutis,No College Data,,,,,,,,,,,,,,,,,,
460,JamesOn Curry,35,,202,447,88,214,115,145,,111,131,41,11,,,607,0.452,0.411,0.793
461,Taurean Green,40,1328,154,347,82,202,141,166,,96,147,42,1,,,531,0.444,0.406,0.849
462,Demetris Nichols,35,1217,225,503,100,240,113,133,,190,54,49,37,,,663,0.447,0.417,0.85
463,Brad Newley,No College Data,,,,,,,,,,,,,,,,,,
464,Herbert Hill,No College Data,,,,,,,,,,,,,,,,,,
465,Ramon Sessions,34,1028,140,310,19,50,118,143,,161,159,29,7,,,417,0.452,0.38,0.825
466,Sammy Mejia,No College Data,,,,,,,,,,,,,,,,,,
467,Giorgos Printezis,No College Data,,,,,,,,,,,,,,,,,,
468,D.J. Strawberry,34,1083,184,386,35,102,102,149,,151,119,69,14,,,505,0.477,0.343,0.685
469,Milovan Rakovic,No College Data,,,,,,,,,,,,,,,,,,
470,Derrick Rose,40,1168,208,436,35,104,146,205,,181,189,48,15,107,,597,0.477,0.337,0.712
471,Michael Beasley,33,1041,307,577,36,95,216,279,,408,38,42,54,95,,866,0.532,0.379,0.774
472,O.J. Mayo,33,1216,237,536,88,215,122,152,,150,109,51,13,117,,684,0.442,0.409,0.803
473,Russell Westbrook,39,1318,182,391,26,77,107,150,,153,167,63,7,96,,497,0.465,0.338,0.713
474,Kevin Love,39,1156,227,406,29,82,198,258,,415,75,27,56,78,,681,0.559,0.354,0.767
475,Danilo Gallinari,No College Data,,,,,,,,,,,,,,,,,,
476,Eric Gordon,32,1110,184,425,70,208,231,277,,104,78,42,20,115,,669,0.433,0.337,0.834
477,Joe Alexander,36,1137,219,474,11,41,158,194,,231,88,26,54,80,,607,0.462,0.268,0.814
478,D.J. Augustin,38,1417,242,551,74,194,173,221,,112,219,47,0,105,,731,0.439,0.381,0.783
479,Brook Lopez,27,831,184,393,0,6,153,194,,221,37,16,56,58,,521,0.468,0,0.789
480,Jerryd Bayless,30,1072,173,378,59,145,187,223,,82,121,29,3,89,,592,0.458,0.407,0.839
481,Jason Thompson,34,1177,275,491,11,34,133,229,,412,93,36,91,99,,694,0.56,0.324,0.581
482,Brandon Rush,38,1127,180,414,80,191,67,86,,195,81,32,32,69,,507,0.435,0.419,0.779
483,Anthony Randolph,31,1016,183,394,2,19,115,166,,263,38,35,70,92,,483,0.464,0.105,0.693
484,Robin Lopez,36,883,140,262,1,1,86,132,,204,22,18,83,63,,367,0.534,1,0.652
485,Marreese Speights,36,874,216,346,0,0,90,130,,290,34,15,49,62,,522,0.624,,0.692
486,Roy Hibbert,34,894,179,294,3,3,93,144,,216,63,18,75,57,,454,0.609,1,0.646
487,JaVale McGee,33,902,189,357,14,42,74,141,,242,20,26,92,80,,466,0.529,0.333,0.525
488,J.J. Hickson,31,890,163,276,0,1,132,195,,262,31,22,47,83,,458,0.591,0,0.677
489,Alexis Ajinca,No College Data,,,,,,,,,,,,,,,,,,
490,Ryan Anderson,33,1082,230,469,64,156,173,199,,328,47,12,18,74,,697,0.49,0.41,0.869
491,Courtney Lee,36,1079,259,543,69,174,148,180,,175,75,65,28,84,,735,0.477,0.397,0.822
492,Kosta Koufos,37,1003,222,437,22,63,68,100,,247,19,16,67,55,,534,0.508,0.349,0.68
493,Serge Ibaka,No College Data,,,,,,,,,,,,,,,,,,
494,Nicolas Batum,No College Data,,,,,,,,,,,,,,,,,,
495,George Hill,32,1179,220,404,49,109,199,245,,216,137,57,13,94,,688,0.545,0.45,0.812
496,Darrell Arthur,40,989,214,394,2,12,80,114,,250,33,20,53,75,,510,0.543,0.167,0.702
497,Donte Greene,35,1253,218,521,90,261,94,133,,251,71,45,57,91,,620,0.418,0.345,0.707
498,D.J. White,33,1105,216,357,1,3,142,206,,341,25,26,54,63,,575,0.605,0.333,0.689
499,J.R. Giddens,33,1063,210,407,25,75,92,157,,290,103,47,39,73,,537,0.516,0.333,0.586
500,Nikola Pekovic,No College Data,,,,,,,,,,,,,,,,,,
501,Walter Sharpe,12,299,68,130,0,3,34,65,,82,20,14,22,34,,170,0.523,0,0.523
502,Joey Dorsey,38,958,108,167,0,0,45,119,,362,20,41,74,41,,261,0.647,,0.378
503,Mario Chalmers,39,1170,164,318,73,156,97,130,,120,169,97,23,75,,498,0.516,0.468,0.746
504,DeAndre Jordan,35,703,113,183,0,0,52,119,,210,15,7,44,57,,278,0.617,,0.437
505,Omer Asik,No College Data,,,,,,,,,,,,,,,,,,
506,Luc Mbah a Moute,33,958,117,245,5,25,51,74,,198,51,34,15,62,,290,0.478,0.2,0.689
507,Kyle Weaver,35,1159,138,298,24,66,126,172,,184,151,60,25,97,,426,0.463,0.364,0.733
508,Sonny Weems,34,1067,197,425,54,146,61,76,,152,89,45,8,96,,509,0.464,0.37,0.803
509,Chris Douglas-Roberts,40,1147,259,479,45,109,161,226,,165,71,49,18,83,,724,0.541,0.413,0.712
510,Nathan Jawai,13,311,56,105,0,1,36,55,,76,12,,,,,148,0.533,0,0.655
511,Sean Singletary,33,1122,203,476,58,158,189,222,,127,202,60,1,128,,653,0.426,0.367,0.851
512,Patrick Ewing,34,,74,140,13,46,48,73,,143,62,33,23,54,,209,0.529,0.283,0.658
513,Ante Tomic,No College Data,,,,,,,,,,,,,,,,,,
514,Goran Dragic,No College Data,,,,,,,,,,,,,,,,,,
515,Trent Plaisted,No College Data,,,,,,,,,,,,,,,,,,
516,Bill Walker,31,846,181,389,35,114,101,137,,196,59,27,17,81,,498,0.465,0.307,0.737
517,Malik Hairston,31,976,176,335,52,120,101,138,,150,66,19,26,55,,505,0.525,0.433,0.732
518,Richard Hendrix,No College Data,,,,,,,,,,,,,,,,,,
519,DeVon Hardin,30,,98,177,0,0,84,132,,221,20,17,37,43,,280,0.554,,0.636
520,Shan Foster,No College Data,,,,,,,,,,,,,,,,,,
521,Darnell Jackson,40,971,171,273,2,6,103,149,,267,43,31,19,51,,447,0.626,0.333,0.691
522,Tadija Dragicevic,No College Data,,,,,,,,,,,,,,,,,,
523,Maarty Leunen,32,,157,281,59,120,112,142,,293,90,28,11,50,,485,0.559,0.492,0.789
524,Mike Taylor,31,1086,165,439,77,214,88,129,,126,140,35,3,,,495,0.376,0.36,0.682
525,Sasha Kaun,40,,109,176,0,0,66,122,,154,12,17,49,32,,284,0.619,,0.541
526,James Gist,No College Data,,,,,,,,,,,,,,,,,,
527,Joe Crawford,30,1009,188,401,63,173,99,130,,109,64,17,5,83,,538,0.469,0.364,0.762
528,Deron Washington,No College Data,,,,,,,,,,,,,,,,,,
529,Semih Erden,No College Data,,,,,,,,,,,,,,,,,,
530,Blake Griffin,35,,300,459,3,8,191,324,,504,80,39,41,116,,794,0.654,0.375,0.59
531,Hasheem Thabeet,36,,178,278,0,0,133,212,,388,17,22,152,68,,489,0.64,,0.627
532,James Harden,35,,221,452,58,163,204,270,,195,148,59,11,118,,704,0.489,0.356,0.756
533,Tyreke Evans,37,,230,505,34,124,138,194,,198,143,77,29,133,,632,0.455,0.274,0.711
534,Ricky Rubio,No College Data,,,,,,,,,,,,,,,,,,
535,Jonny Flynn,38,,219,476,45,142,180,229,,104,254,54,6,129,,663,0.46,0.317,0.786
536,Stephen Curry,34,,312,687,130,336,220,251,,151,189,86,8,126,,974,0.454,0.387,0.876
537,Jordan Hill,34,,252,469,0,0,117,179,,375,50,30,58,97,,621,0.537,,0.654
538,DeMar DeRozan,35,,192,367,6,36,95,147,,201,51,31,13,73,,485,0.523,0.167,0.646
539,Brandon Jennings,No College Data,,,,,,,,,,,,,,,,,,
540,Terrence Williams,37,,169,392,57,148,68,117,,317,185,86,29,86,,463,0.431,0.385,0.581
541,Gerald Henderson,37,,213,473,41,122,143,188,,183,91,46,28,80,,610,0.45,0.336,0.761
542,Tyler Hansbrough,34,,223,434,9,23,249,296,,276,34,42,12,63,,704,0.514,0.391,0.841
543,Earl Clark,37,,202,442,31,95,90,139,,322,119,38,51,119,,525,0.457,0.326,0.647
544,Austin Daye,34,,159,333,36,84,77,109,,232,37,24,70,73,,431,0.477,0.429,0.706
545,James Johnson,31,,187,345,22,69,69,99,,264,62,44,48,74,,465,0.542,0.319,0.697
546,Jrue Holiday,35,,112,249,27,88,45,62,,132,129,55,18,75,,296,0.45,0.307,0.726
547,Ty Lawson,35,,182,342,51,108,166,208,,104,230,75,5,66,,581,0.532,0.472,0.798
548,Jeff Teague,31,,180,371,45,102,179,219,,102,110,58,20,104,,584,0.485,0.441,0.817
549,Eric Maynor,34,,248,536,66,183,198,243,,122,210,58,6,101,,760,0.463,0.361,0.815
550,Darren Collison,35,,175,344,41,104,113,126,,84,166,57,5,87,,504,0.509,0.394,0.897
551,Victor Claver,No College Data,,,,,,,,,,,,,,,,,,
552,Omri Casspi,No College Data,,,,,,,,,,,,,,,,,,
553,Byron Mullens,33,,120,188,0,1,52,93,,154,9,16,37,51,,292,0.638,0,0.559
554,Rodrigue Beaubois,No College Data,,,,,,,,,,,,,,,,,,
555,Taj Gibson,35,,190,316,0,0,120,182,,316,44,34,100,72,,500,0.601,,0.659
556,DeMarre Carroll,38,,246,441,16,44,121,191,,273,82,59,25,56,,629,0.558,0.364,0.634
557,Wayne Ellington,38,,215,445,85,204,87,112,,186,101,36,6,62,,602,0.483,0.417,0.777
558,Toney Douglas,35,,239,536,85,221,188,232,,137,102,63,15,87,,751,0.446,0.385,0.81
559,Christian Eyenga,No College Data,,,,,,,,,,,,,,,,,,
560,Jeff Pendergraph,35,,198,300,0,1,113,145,,287,31,17,30,43,,509,0.66,0,0.779
561,Jermaine Taylor,31,,291,606,92,245,138,170,,161,58,39,24,87,,812,0.48,0.376,0.812
562,Dante Cunningham,38,,244,465,0,2,124,178,,284,47,47,47,82,,612,0.525,0,0.697
563,Sergio Llull,No College Data,,,,,,,,,,,,,,,,,,
564,DaJuan Summers,31,,137,289,52,135,97,136,,128,39,35,21,81,,423,0.474,0.385,0.713
565,Sam Young,36,,261,520,54,145,114,154,,225,40,35,30,88,,690,0.502,0.372,0.74
566,DeJuan Blair,35,,226,381,0,0,98,162,,432,42,54,34,44,,550,0.593,,0.605
567,Jon Brockman,34,,190,361,0,1,126,197,,391,39,31,3,65,,506,0.526,0,0.64
568,Jonas Jerebko,No College Data,,,,,,,,,,,,,,,,,,
569,Derrick Brown,35,,170,337,39,90,100,135,,212,68,25,30,61,,479,0.504,0.433,0.741
570,Jodie Meeks,36,,263,568,117,288,211,234,,122,63,48,5,96,,854,0.463,0.406,0.902
571,Patrick Beverley,35,,136,330,65,172,85,132,,231,84,44,16,69,,422,0.412,0.378,0.644
572,Marcus Thornton,35,,256,542,78,201,149,200,,192,75,56,13,64,,739,0.472,0.388,0.745
573,Chase Budinger,35,,219,456,67,168,125,156,,217,118,50,16,85,,630,0.48,0.399,0.801
574,Nick Calathes,36,,205,425,73,187,135,191,,192,231,68,6,119,,618,0.482,0.39,0.707
575,Danny Green,38,,184,391,77,184,52,61,,178,104,67,51,63,,497,0.471,0.418,0.852
576,Henk Norel,No College Data,,,,,,,,,,,,,,,,,,
577,Taylor Griffin,36,,125,233,5,14,91,130,,210,48,47,36,62,,346,0.536,0.357,0.7
578,Sergiy Gladyr,No College Data,,,,,,,,,,,,,,,,,,
579,Goran Suton,No College Data,,,,,,,,,,,,,,,,,,
580,Jack McClinton,No College Data,,,,,,,,,,,,,,,,,,
581,A.J. Price,35,,170,417,82,204,93,129,,122,164,24,0,94,,515,0.408,0.402,0.721
582,Nando De Colo,No College Data,,,,,,,,,,,,,,,,,,
583,Robert Vaden,No College Data,,,,,,,,,,,,,,,,,,
584,Patrick Mills,26,,163,405,67,198,85,99,,62,101,57,6,75,,478,0.402,0.338,0.859
585,Ahmad Nivins,No College Data,,,,,,,,,,,,,,,,,,
586,Emir Preldzic,No College Data,,,,,,,,,,,,,,,,,,
587,Lester Hudson,32,,313,697,106,299,148,168,,254,135,75,18,106,,880,0.449,0.355,0.881
588,Chinemelu Elonu,34,,129,194,0,0,76,121,,249,10,10,53,62,,334,0.665,,0.628
589,Robert Dozier,No College Data,,,,,,,,,,,,,,,,,,
590,John Wall,37,1288,202,438,37,114,175,232,30,159,241,66,19,149,72,616,0.461,0.325,0.754
591,Evan Turner,31,1108,237,457,20,55,138,183,62,284,185,54,28,136,86,632,0.519,0.364,0.754
592,Derrick Favors,36,989,179,293,0,1,90,143,108,303,37,32,74,90,94,448,0.611,0,0.629
593,Wesley Johnson,35,1224,207,412,51,123,112,145,75,299,78,58,64,81,72,577,0.502,0.415,0.772
594,DeMarcus Cousins,38,893,206,369,1,6,162,268,154,374,38,37,67,78,122,575,0.558,0.167,0.604
595,Ekpe Udoh,36,1264,191,390,7,26,111,162,129,351,97,29,133,87,87,500,0.49,0.269,0.685
596,Greg Monroe,34,1164,202,385,7,27,138,209,74,328,128,42,52,112,87,549,0.525,0.259,0.66
597,Al-Farouq Aminu,31,970,167,374,18,66,139,199,133,332,41,44,44,99,91,491,0.447,0.273,0.698
598,Gordon Hayward,37,1239,173,373,47,160,179,216,72,305,62,40,30,85,78,572,0.464,0.294,0.829
599,Paul George,29,962,154,363,59,167,120,132,55,210,88,64,24,94,84,487,0.424,0.353,0.909
600,Cole Aldrich,36,963,149,265,0,0,108,159,110,354,31,27,125,56,92,406,0.562,,0.679
601,Xavier Henry,36,990,162,354,69,165,90,115,43,157,53,54,18,69,66,483,0.458,0.418,0.783
602,Ed Davis,23,641,111,192,0,0,87,132,66,220,22,10,64,46,42,309,0.578,,0.659
603,Patrick Patterson,38,1255,215,374,24,69,90,130,116,283,36,27,51,41,61,544,0.575,0.348,0.692
604,Larry Sanders,35,941,196,367,4,16,107,167,106,319,34,26,90,58,103,503,0.534,0.25,0.641
605,Luke Babbitt,34,1260,251,502,42,101,199,217,70,303,72,35,27,81,87,743,0.5,0.416,0.917
606,Kevin Seraphin,No College Data,,,,,,,,,,,,,,,,,,
607,Eric Bledsoe,37,1122,144,312,49,128,82,123,19,114,107,52,12,112,82,419,0.462,0.383,0.667
608,Avery Bradley,34,1003,159,368,42,112,36,66,33,98,71,44,18,52,80,396,0.432,0.375,0.545
609,James Anderson,33,1124,226,494,74,217,209,258,64,192,80,46,20,78,88,735,0.457,0.341,0.81
610,Craig Brackins,32,1124,192,457,27,87,117,154,67,273,69,25,38,68,64,528,0.42,0.31,0.76
611,Elliot Williams,34,1133,178,388,60,164,194,256,25,135,128,45,4,100,69,610,0.459,0.366,0.758
612,Trevor Booker,32,984,188,361,9,34,101,171,89,268,81,43,45,62,63,486,0.521,0.265,0.591
613,Damion James,34,1029,210,419,36,94,155,230,107,350,33,57,40,69,100,611,0.501,0.383,0.674
614,Dominique Jones,33,1224,222,493,52,167,209,282,37,201,120,56,19,97,93,705,0.45,0.311,0.741
615,Quincy Pondexter,36,1162,245,464,18,51,187,226,107,265,63,46,21,68,90,695,0.528,0.353,0.827
616,Jordan Crawford,35,1147,260,563,79,202,119,154,34,166,101,47,7,85,57,718,0.462,0.391,0.773
617,Greivis Vasquez,33,1120,220,513,69,192,138,161,38,153,208,56,12,111,69,647,0.429,0.359,0.857
618,Daniel Orton,38,502,48,91,0,2,33,63,45,126,15,21,53,38,88,129,0.527,0,0.524
619,Lazar Hayward,34,1097,222,514,65,186,107,127,72,256,52,64,18,67,115,616,0.432,0.349,0.843
620,Tibor Pleiss,No College Data,,,,,,,,,,,,,,,,,,
621,Dexter Pittman,34,648,140,214,0,0,75,135,101,199,17,12,63,60,90,355,0.654,,0.556
622,Hassan Whiteside,34,889,167,319,3,5,110,187,92,303,10,19,182,64,82,447,0.524,0.6,0.588
623,Armon Johnson,34,1172,219,442,17,71,80,118,26,115,189,28,12,114,61,535,0.495,0.239,0.678
624,Nemanja Bjelica,No College Data,,,,,,,,,,,,,,,,,,
625,Terrico White,No College Data,,,,,,,,,,,,,,,,,,
626,Darington Hobson,35,1175,193,439,39,108,130,199,74,324,160,44,15,104,68,555,0.44,0.361,0.653
627,Andy Rautins,35,1137,130,297,98,241,66,81,18,118,171,69,8,98,76,424,0.438,0.407,0.815
628,Landry Fields,32,1161,248,506,29,86,179,257,81,280,89,51,25,83,65,704,0.49,0.337,0.696
629,Lance Stephenson,34,960,162,368,16,73,79,119,63,182,84,31,6,81,66,419,0.44,0.219,0.664
630,Jarvis Varnado,36,1141,184,316,0,0,128,210,107,369,32,24,170,71,88,496,0.582,,0.61
631,Da'Sean Butler,No College Data,,,,,,,,,,,,,,,,,,
632,Devin Ebanks,34,1161,144,315,3,30,117,152,99,275,83,36,23,75,54,408,0.457,0.1,0.77
633,Jerome Jordan,35,1043,184,335,0,0,172,250,84,317,44,16,82,79,98,540,0.549,,0.688
634,Paulao Prestes,No College Data,,,,,,,,,,,,,,,,,,
635,Gani Lawal,36,930,172,325,0,1,127,222,105,305,15,16,49,78,76,471,0.529,0,0.572
636,Tiny Gallon,No College Data,,,,,,,,,,,,,,,,,,
637,Latavious Williams,No College Data,,,,,,,,,,,,,,,,,,
638,Ryan Richards,No College Data,,,,,,,,,,,,,,,,,,
639,Solomon Alabi,32,820,133,249,0,0,108,136,79,198,16,20,75,61,75,374,0.534,,0.794
640,Magnum Rolle,No College Data,,,,,,,,,,,,,,,,,,
641,Luke Harangody,30,989,244,507,25,81,140,178,67,273,47,14,20,54,70,653,0.481,0.309,0.787
642,Pape Sy,No College Data,,,,,,,,,,,,,,,,,,
643,Willie Warren,21,678,106,242,30,97,101,127,14,69,86,21,1,80,48,343,0.438,0.309,0.795
644,Jeremy Evans,34,901,137,211,3,12,64,93,101,235,25,28,61,36,98,341,0.649,0.25,0.688
645,Hamady N'Diaye,32,907,114,197,0,0,74,120,76,228,14,13,145,47,92,302,0.579,,0.617
646,Ryan Reid,31,704,82,167,0,0,46,77,58,123,35,18,16,51,46,210,0.491,,0.597
647,Derrick Caracter,27,720,148,261,4,15,80,119,72,218,30,26,23,77,82,380,0.567,0.267,0.672
648,Stanley Robinson,No College Data,,,,,,,,,,,,,,,,,,
649,Dwayne Collins,29,716,128,212,0,0,91,160,85,225,34,17,32,71,68,347,0.604,,0.569
650,Kyrie Irving,11,303,55,104,18,39,64,71,6,37,47,16,6,27,23,192,0.529,0.462,0.901
651,Derrick Williams,38,1141,226,380,42,74,247,331,105,314,43,37,26,100,106,741,0.595,0.568,0.746
652,Enes Kanter,No College Data,,,,,,,,,,,,,,,,,,
653,Tristan Thompson,36,1104,172,315,0,0,127,261,138,282,45,34,86,64,100,471,0.546,,0.487
654,Jonas Valanciunas,No College Data,,,,,,,,,,,,,,,,,,
655,Jan Vesely,No College Data,,,,,,,,,,,,,,,,,,
656,Bismack Biyombo,No College Data,,,,,,,,,,,,,,,,,,
657,Brandon Knight,38,1363,217,513,87,231,136,171,25,153,159,25,8,120,83,657,0.423,0.377,0.795
658,Kemba Walker,41,1543,316,739,75,227,258,315,53,223,184,77,7,93,56,965,0.428,0.33,0.819
659,Jimmer Fredette,37,1323,346,765,124,313,252,282,24,127,160,49,1,131,49,1068,0.452,0.396,0.894
660,Klay Thompson,34,1179,240,551,98,246,155,185,25,178,127,56,32,115,99,733,0.436,0.398,0.838
661,Alec Burks,38,1193,251,535,28,96,249,302,91,247,112,41,12,99,89,779,0.469,0.292,0.825
662,Markieff Morris,38,926,195,331,25,59,103,153,103,316,53,30,43,78,108,518,0.589,0.424,0.673
663,Marcus Morris,38,1076,240,421,26,76,148,215,99,290,62,32,24,67,97,654,0.57,0.342,0.688
664,Kawhi Leonard,36,1172,211,475,25,86,110,145,111,380,91,51,21,76,89,557,0.444,0.291,0.759
665,Nikola Vucevic,34,1187,215,426,29,83,123,163,97,350,54,18,47,58,96,582,0.505,0.349,0.755
666,Iman Shumpert,31,992,177,436,42,151,141,175,53,183,108,85,6,72,86,537,0.406,0.278,0.806
667,Chris Singleton,28,814,124,286,35,95,84,126,58,191,33,55,41,61,90,367,0.434,0.368,0.667
668,Tobias Harris,34,993,185,402,23,76,128,170,67,247,44,24,29,62,70,521,0.46,0.303,0.753
669,Donatas Motiejunas,No College Data,,,,,,,,,,,,,,,,,,
670,Nolan Smith,37,1259,260,568,57,163,187,230,44,166,189,45,3,118,72,764,0.458,0.35,0.813
671,Kenneth Faried,35,1216,233,374,0,0,139,241,200,508,37,67,82,92,108,605,0.623,,0.577
672,Nikola Mirotic,No College Data,,,,,,,,,,,,,,,,,,
673,Reggie Jackson,34,1161,219,435,71,169,109,137,35,146,152,36,18,81,58,618,0.503,0.42,0.796
674,MarShon Brooks,32,1168,276,571,67,197,169,219,72,225,80,48,39,98,80,788,0.483,0.34,0.772
675,Jordan Hamilton,36,1159,243,552,90,234,95,122,72,276,76,31,23,77,64,671,0.44,0.385,0.779
676,JaJuan Johnson,34,1203,257,520,15,51,169,209,82,291,33,30,79,56,53,698,0.494,0.294,0.809
677,Norris Cole,36,1285,251,572,51,149,227,266,27,210,191,80,3,97,87,780,0.439,0.342,0.853
678,Cory Joseph,36,1166,136,322,52,126,51,73,23,128,109,37,11,54,65,375,0.422,0.413,0.699
679,Jimmy Butler,37,1282,187,382,20,58,188,240,90,225,86,53,13,54,49,582,0.49,0.345,0.783
680,Bojan Bogdanovic,No College Data,,,,,,,,,,,,,,,,,,
681,Justin Harper,37,1178,245,459,77,172,94,118,62,256,43,23,46,56,82,661,0.534,0.448,0.797
682,Kyle Singler,37,1286,219,509,62,193,125,155,88,253,60,34,12,70,98,625,0.43,0.321,0.806
683,Shelvin Mack,38,1219,201,493,87,246,120,156,27,170,131,30,3,93,66,609,0.408,0.354,0.769
684,Tyler Honeycutt,33,1154,144,355,55,152,78,106,50,238,93,29,67,100,52,421,0.406,0.362,0.736
685,Jordan Williams,33,1073,213,396,0,0,131,228,121,388,21,23,45,53,80,557,0.538,,0.575
686,Trey Thompkins,30,937,194,403,23,74,82,119,56,229,42,33,50,76,67,493,0.481,0.311,0.689
687,Chandler Parsons,36,1229,155,323,43,117,54,97,74,279,136,34,15,81,67,407,0.48,0.368,0.557
688,Jeremy Tyler,No College Data,,,,,,,,,,,,,,,,,,
689,Jon Leuer,34,1139,227,483,54,146,113,134,57,246,56,17,30,54,75,621,0.47,0.37,0.843
690,Darius Morris,35,1219,201,411,16,64,108,151,31,139,235,36,1,103,74,526,0.489,0.25,0.715
691,Davis Bertans,No College Data,,,,,,,,,,,,,,,,,,
692,Malcolm Lee,33,1093,141,323,39,132,112,144,23,101,67,22,7,56,80,433,0.437,0.295,0.778
693,Charles Jenkins,33,1232,249,482,66,157,182,221,18,111,158,57,22,73,66,746,0.517,0.42,0.824
694,Josh Harrellson,38,1083,127,208,2,10,33,56,140,329,30,35,57,28,91,289,0.611,0.2,0.589
695,Andrew Goudelock,37,1302,318,699,131,322,110,134,25,143,157,33,7,119,66,877,0.455,0.407,0.821
696,Travis Leslie,33,1062,177,360,13,43,109,136,106,237,97,40,20,71,63,476,0.492,0.302,0.801
697,Keith Benson,35,1133,231,422,9,23,157,244,93,354,38,28,125,66,108,628,0.547,0.391,0.643
698,Josh Selby,26,530,72,193,34,94,28,37,10,58,56,21,1,53,44,206,0.373,0.362,0.757
699,Lavoy Allen,33,1120,154,321,5,17,69,99,88,283,75,23,61,54,75,382,0.48,0.294,0.697
700,Jon Diebler,37,1320,145,286,114,227,64,79,14,98,88,36,5,35,37,468,0.507,0.502,0.81
701,Vernon Macklin,37,905,191,322,0,0,46,102,82,199,30,13,26,63,91,428,0.593,,0.451
702,DeAndre Liggins,38,1201,112,264,36,92,68,105,22,153,96,46,28,55,94,328,0.424,0.391,0.648
703,Milan Macvan,No College Data,,,,,,,,,,,,,,,,,,
704,E'Twaun Moore,34,1152,221,494,70,175,100,141,51,175,108,41,18,61,71,612,0.447,0.4,0.709
705,Chukwudiebere Maduabum,No College Data,,,,,,,,,,,,,,,,,,
706,Targuy Ngombo,No College Data,,,,,,,,,,,,,,,,,,
707,Ater Majok,26,383,25,59,0,0,9,22,32,79,4,4,42,21,51,59,0.424,,0.409
708,Adam Hanga,No College Data,,,,,,,,,,,,,,,,,,
709,Isaiah Thomas,35,1115,188,422,60,172,151,210,26,123,213,47,2,104,75,587,0.445,0.349,0.719
710,Anthony Davis,40,1281,210,337,3,20,144,203,119,415,50,54,186,41,78,567,0.623,0.15,0.709
711,Michael Kidd-Gilchrist,40,1245,160,326,13,51,143,192,103,297,75,39,37,87,97,476,0.491,0.255,0.745
712,Bradley Beal,37,1267,175,393,63,186,133,173,50,249,83,51,31,79,76,546,0.445,0.339,0.769
713,Dion Waiters,37,891,170,357,41,113,86,118,18,85,92,67,12,48,69,467,0.476,0.363,0.729
714,Thomas Robinson,39,1242,261,517,7,14,163,239,113,463,72,42,34,104,107,692,0.505,0.5,0.682
715,Damian Lillard,32,1105,231,495,94,230,228,257,17,161,128,47,7,74,62,784,0.467,0.409,0.887
716,Harrison Barnes,38,1111,229,521,49,137,141,195,74,198,43,41,13,74,68,648,0.44,0.358,0.723
717,Terrence Ross,35,1088,215,470,72,194,72,94,48,225,49,44,33,70,99,574,0.457,0.371,0.766
718,Andre Drummond,34,967,157,292,0,2,26,88,114,257,15,28,92,52,75,340,0.538,0,0.295
719,Austin Rivers,34,1129,174,402,58,159,121,184,21,115,71,33,1,79,76,527,0.433,0.365,0.658
720,Meyers Leonard,32,1018,170,291,1,11,93,127,73,262,43,15,60,68,94,434,0.584,0.091,0.732
721,Jeremy Lamb,34,1266,217,454,71,211,98,121,32,166,58,42,21,68,57,603,0.478,0.336,0.81
722,Kendall Marshall,36,1189,105,225,28,79,55,79,6,94,351,43,6,101,56,293,0.467,0.354,0.696
723,John Henson,35,1019,205,410,0,0,69,135,89,348,44,20,101,45,55,479,0.5,,0.511
724,Maurice Harkless,32,1155,193,427,17,79,94,139,88,276,47,51,45,80,74,497,0.452,0.215,0.676
725,Royce White,34,1072,175,328,4,12,102,205,85,316,170,40,32,130,89,456,0.534,0.333,0.498
726,Tyler Zeller,38,1070,220,398,0,0,181,224,146,365,36,34,58,73,102,621,0.553,,0.808
727,Terrence Jones,38,1115,177,354,16,49,99,158,96,272,51,49,68,62,91,469,0.5,0.327,0.627
728,Andrew Nicholson,32,962,220,385,23,53,128,165,83,269,33,21,63,80,90,591,0.571,0.434,0.776
729,Evan Fournier,No College Data,,,,,,,,,,,,,,,,,,
730,Jared Sullinger,37,1123,228,439,16,40,175,228,116,340,46,43,39,71,109,647,0.519,0.4,0.768
731,Fab Melo,30,763,98,173,0,0,38,60,80,175,21,15,88,43,85,234,0.566,,0.633
732,John Jenkins,35,1177,217,458,134,305,128,153,16,101,42,29,11,55,42,696,0.474,0.439,0.837
733,Jared Cunningham,36,1245,198,440,50,148,199,270,36,138,101,91,15,102,86,645,0.45,0.338,0.737
734,Tony Wroten,35,1062,198,447,9,56,154,264,80,176,130,66,13,132,93,559,0.443,0.161,0.583
735,Miles Plumlee,34,697,89,146,0,0,48,76,99,242,18,18,32,42,78,226,0.61,,0.632
736,Arnett Moultrie,30,1073,180,328,8,18,124,159,110,314,35,25,23,73,67,492,0.549,0.444,0.78
737,Perry Jones,33,1013,182,364,10,33,71,102,89,252,42,28,20,56,77,445,0.5,0.303,0.696
738,Marquis Teague,40,1303,145,352,26,80,85,119,17,101,191,37,11,109,91,401,0.412,0.325,0.714
739,Festus Ezeli,26,603,89,165,0,0,84,139,62,154,8,11,52,58,82,262,0.539,,0.604
740,Jeff Taylor,36,1157,210,426,66,156,95,157,77,200,62,46,16,79,67,581,0.493,0.423,0.605
741,Tomas Satoransky,No College Data,,,,,,,,,,,,,,,,,,
742,Bernard James,35,979,157,259,0,0,64,116,107,283,16,26,82,73,68,378,0.606,,0.552
743,Jae Crowder,35,1153,217,436,61,177,119,162,70,294,73,88,35,44,93,614,0.498,0.345,0.735
744,Draymond Green,37,1229,212,472,52,134,125,173,79,394,141,54,35,112,105,601,0.449,0.388,0.723
745,Orlando Johnson,31,1067,207,459,70,164,127,182,52,179,91,34,23,76,57,611,0.451,0.427,0.698
746,Quincy Acy,38,1130,158,274,3,5,136,174,99,282,38,35,70,71,117,455,0.577,0.6,0.782
747,Quincy Miller,37,903,138,309,24,69,93,114,54,182,53,25,24,66,69,393,0.447,0.348,0.816
748,Khris Middleton,20,575,102,246,20,77,39,52,26,99,45,19,5,43,37,263,0.415,0.26,0.75
749,Will Barton,35,1236,230,452,37,107,134,179,70,279,102,50,25,75,74,631,0.509,0.346,0.749
750,Tyshawn Taylor,39,1303,226,474,58,152,137,199,8,91,186,52,6,138,77,647,0.477,0.382,0.688
751,Doron Lamb,40,1249,175,369,76,163,123,149,15,108,60,19,2,44,72,549,0.474,0.466,0.826
752,Mike Scott,32,999,215,382,6,20,139,172,70,265,37,21,15,67,56,575,0.563,0.3,0.808
753,Kim English,35,1175,171,328,78,170,87,120,30,148,56,45,10,59,83,507,0.521,0.459,0.725
754,Justin Hamilton,33,990,158,320,3,12,107,137,109,238,30,25,43,57,83,426,0.494,0.25,0.781
755,Darius Miller,40,1043,143,302,56,149,55,69,36,110,82,33,13,58,87,397,0.474,0.376,0.797
756,Kevin Murphy,33,1139,239,538,79,190,124,172,30,173,76,28,7,108,71,681,0.444,0.416,0.721
757,Kostas Papanikolaou,No College Data,,,,,,,,,,,,,,,,,,
758,Kyle O'Quinn,36,1125,205,358,6,32,156,224,114,372,51,25,97,95,117,572,0.573,0.188,0.696
759,Izzet Turkyilmaz,No College Data,,,,,,,,,,,,,,,,,,
760,Kris Joseph,37,1192,164,390,51,148,117,157,56,174,56,50,23,55,62,496,0.421,0.345,0.745
761,Ognjen Kuzmic,No College Data,,,,,,,,,,,,,,,,,,
762,Furkan Aldemir,No College Data,,,,,,,,,,,,,,,,,,
763,Tornike Shengelia,No College Data,,,,,,,,,,,,,,,,,,
764,Darius Johnson-Odom,34,1120,210,470,77,200,126,165,22,119,93,32,4,80,68,623,0.447,0.385,0.764
765,Tomislav Zubcic,No College Data,,,,,,,,,,,,,,,,,,
766,Ilkan Karaman,No College Data,,,,,,,,,,,,,,,,,,
767,Robbie Hummel,35,1128,194,465,72,188,113,137,55,251,66,23,42,32,73,573,0.417,0.383,0.825
768,Marcus Denmon,35,1212,200,435,99,243,120,134,35,176,74,54,1,41,34,619,0.46,0.407,0.896
769,Robert Sacre,33,868,117,229,0,2,150,197,67,208,24,12,47,60,72,384,0.511,0,0.761
770,Anthony Bennett,35,950,202,379,36,96,124,177,86,285,34,24,43,65,80,564,0.533,0.375,0.701
771,Victor Oladipo,36,1021,182,304,30,68,97,130,93,227,74,78,28,83,89,491,0.599,0.441,0.746
772,Otto Porter,31,1097,168,350,43,102,122,157,55,232,84,57,28,47,61,501,0.48,0.422,0.777
773,Cody Zeller,36,1062,199,353,0,2,196,259,101,289,47,37,45,81,80,594,0.564,0,0.757
774,Alex Len,38,1004,173,324,1,8,105,153,109,298,37,8,78,60,101,452,0.534,0.125,0.686
775,Nerlens Noel,24,765,98,166,0,0,55,104,65,227,38,50,106,45,62,251,0.59,,0.529
776,Ben McLemore,37,1191,198,400,73,174,120,138,47,192,73,37,25,77,69,589,0.495,0.42,0.87
777,Kentavious Caldwell-Pope,32,1086,186,430,84,225,135,169,37,226,58,65,17,64,70,591,0.433,0.373,0.799
778,Trey Burke,39,1378,259,560,76,198,133,166,21,124,260,62,20,86,73,727,0.463,0.384,0.801
779,CJ McCollum,12,372,96,194,33,64,62,73,12,60,35,17,4,32,21,287,0.495,0.516,0.849
780,Michael Carter-Williams,40,1409,155,394,35,119,129,186,51,199,291,109,20,138,92,474,0.393,0.294,0.694
781,Steven Adams,32,749,100,175,0,0,31,70,90,203,20,21,65,35,52,231,0.571,,0.443
782,Kelly Olynyk,32,845,215,342,9,30,132,170,77,235,55,22,36,77,72,571,0.629,0.3,0.776
783,Shabazz Muhammad,32,987,202,456,40,106,128,180,87,167,27,23,4,51,53,572,0.443,0.377,0.711
784,Giannis Antetokounmpo,No College Data,,,,,,,,,,,,,,,,,,
785,Lucas Nogueira,No College Data,,,,,,,,,,,,,,,,,,
786,Dennis Schroder,No College Data,,,,,,,,,,,,,,,,,,
787,Shane Larkin,36,1311,183,382,69,170,87,112,17,138,164,71,4,82,59,522,0.479,0.406,0.777
788,Sergey Karasev,No College Data,,,,,,,,,,,,,,,,,,
789,Tony Snell,35,1093,144,341,64,164,86,102,14,92,101,29,17,72,46,438,0.422,0.39,0.843
790,Gorgui Dieng,33,1026,125,234,0,0,73,112,113,310,66,44,83,59,85,323,0.534,,0.652
791,Mason Plumlee,36,1248,221,369,0,0,173,254,98,358,70,36,52,103,92,615,0.599,,0.681
792,Solomon Hill,35,1154,158,345,57,146,95,124,61,187,95,40,20,77,76,468,0.458,0.39,0.766
793,Tim Hardaway,38,1324,201,460,73,195,77,111,9,177,93,26,17,71,73,552,0.437,0.374,0.694
794,Reggie Bullock,35,1100,172,356,88,202,56,73,71,226,101,44,10,43,50,488,0.483,0.436,0.767
795,Andre Roberson,31,1036,132,275,19,58,54,98,92,347,44,67,41,74,77,337,0.48,0.328,0.551
796,Rudy Gobert,No College Data,,,,,,,,,,,,,,,,,,
797,Livio Jean-Charles,No College Data,,,,,,,,,,,,,,,,,,
798,Archie Goodwin,33,1048,157,357,17,64,135,212,48,152,88,36,15,101,97,466,0.44,0.266,0.637
799,Nemanja Nedovic,No College Data,,,,,,,,,,,,,,,,,,
800,Allen Crabbe,33,1195,215,468,64,184,113,139,33,200,87,37,23,83,69,607,0.459,0.348,0.813
801,Alex Abrines,No College Data,,,,,,,,,,,,,,,,,,
802,Carrick Felix,35,1235,189,378,52,139,81,122,73,285,57,50,39,70,105,511,0.5,0.374,0.664
803,Isaiah Canaan,31,1131,215,499,94,254,152,185,19,110,133,47,4,98,58,676,0.431,0.37,0.822
804,Glen Rice,21,628,102,223,30,90,40,66,41,141,48,28,18,48,50,274,0.457,0.333,0.606
805,Ray McCallum,33,1208,214,436,42,130,147,205,43,167,147,64,20,68,66,617,0.491,0.323,0.717
806,Tony Mitchell,32,1037,140,318,30,100,106,157,78,273,26,31,87,78,93,416,0.44,0.3,0.675
807,Nate Wolters,33,1256,242,499,64,169,187,230,36,184,193,57,4,77,51,735,0.485,0.379,0.813
808,Jeff Withey,37,1144,185,318,1,1,137,192,79,315,35,28,146,73,77,508,0.582,1,0.714
809,Grant Jerrett,34,606,63,154,32,79,18,22,37,122,18,16,33,19,44,176,0.409,0.405,0.818
810,Jamaal Franklin,32,1058,165,401,40,147,171,219,56,304,105,51,26,110,83,541,0.411,0.272,0.781
811,Pierre Jackson,36,1252,216,506,88,245,192,240,24,135,255,54,0,122,80,712,0.427,0.359,0.8
812,Ricky Ledo,No College Data,,,,,,,,,,,,,,,,,,
813,Mike Muscala,34,1079,227,446,4,16,179,227,98,378,78,17,80,58,74,637,0.509,0.25,0.789
814,Marko Todorovic,No College Data,,,,,,,,,,,,,,,,,,
815,Erick Green,32,1166,261,550,61,157,218,267,15,127,121,42,6,69,44,801,0.475,0.389,0.816
816,Raul Neto,No College Data,,,,,,,,,,,,,,,,,,
817,Ryan Kelly,23,664,96,212,35,83,69,85,37,122,38,16,37,23,55,296,0.453,0.422,0.812
818,Erik Murphy,36,952,164,318,72,159,40,51,58,199,50,23,25,51,101,440,0.516,0.453,0.784
819,James Ennis,No College Data,,,,,,,,,,,,,,,,,,
820,Romero Osby,No College Data,,,,,,,,,,,,,,,,,,
821,Lorenzo Brown,33,1129,140,334,20,76,108,140,22,143,239,65,19,114,65,408,0.419,0.263,0.771
822,Colton Iverson,35,1033,183,307,0,0,131,222,117,342,46,20,25,69,91,497,0.596,,0.59
823,Arsalan Kazemi,35,1016,113,190,0,1,102,151,98,350,48,71,23,52,66,328,0.595,0,0.675
824,Joffrey Lauvergne,No College Data,,,,,,,,,,,,,,,,,,
825,Peyton Siva,40,1247,139,344,38,132,85,98,12,94,228,90,6,106,103,401,0.404,0.288,0.867
826,Alex Oriakhi,34,878,138,216,0,0,106,142,106,286,12,20,54,47,79,382,0.639,,0.746
827,Deshaun Thomas,37,1309,259,583,72,209,141,169,63,220,48,19,11,52,54,731,0.444,0.344,0.834
828,Bojan Dubljevic,No College Data,,,,,,,,,,,,,,,,,,
829,Janis Timma,No College Data,,,,,,,,,,,,,,,,,,
830,Andrew Wiggins,35,1148,189,422,43,126,176,227,76,205,54,41,34,80,94,597,0.448,0.341,0.775
831,Jabari Parker,35,1074,236,499,38,106,160,214,105,306,41,37,43,81,83,670,0.473,0.358,0.748
832,Joel Embiid,28,647,107,171,1,5,98,143,65,227,38,25,72,66,94,313,0.626,0.2,0.685
833,Aaron Gordon,38,1187,189,382,16,45,76,180,102,303,75,34,39,55,90,470,0.495,0.356,0.422
834,Dante Exum,No College Data,,,,,,,,,,,,,,,,,,
835,Marcus Smart,31,1014,163,386,49,164,182,250,44,183,148,89,18,82,91,557,0.422,0.299,0.728
836,Julius Randle,40,1233,196,391,3,18,204,289,139,416,57,20,31,101,91,599,0.501,0.167,0.706
837,Nik Stauskas,36,1281,185,394,92,208,168,204,15,105,118,20,11,67,47,630,0.47,0.442,0.824
838,Noah Vonleh,30,794,113,216,16,33,96,134,71,269,18,26,41,64,81,338,0.523,0.485,0.716
839,Elfrid Payton,35,1258,237,466,14,54,184,302,81,210,208,80,21,127,83,672,0.509,0.259,0.609
840,Doug McDermott,35,1181,330,627,96,214,178,206,57,244,55,8,5,62,67,934,0.526,0.449,0.864
841,Dario Saric,No College Data,,,,,,,,,,,,,,,,,,
842,Zach LaVine,37,904,127,288,48,128,47,68,18,94,66,33,6,42,73,349,0.441,0.375,0.691
843,T.J. Warren,35,1238,342,652,31,116,156,226,113,250,40,63,21,83,97,871,0.525,0.267,0.69
844,Adreian Payne,31,870,178,354,44,104,109,138,48,225,41,15,28,63,80,509,0.503,0.423,0.79
845,Jusuf Nurkic,No College Data,,,,,,,,,,,,,,,,,,
846,James Young,40,1296,183,450,82,235,125,177,41,171,67,30,8,75,83,573,0.407,0.349,0.706
847,Tyler Ennis,34,1215,148,360,30,85,114,149,27,115,187,71,6,58,69,440,0.411,0.353,0.765
848,Gary Harris,35,1131,195,455,81,230,115,142,37,140,94,63,15,60,73,586,0.429,0.352,0.81
849,Bruno Caboclo,No College Data,,,,,,,,,,,,,,,,,,
850,Mitch McGary,8,198,30,55,0,2,16,24,23,66,12,15,6,13,25,76,0.545,0,0.667
851,Jordan Adams,36,1082,208,429,52,146,158,189,67,192,84,95,5,54,78,626,0.485,0.356,0.836
852,Rodney Hood,35,1150,191,412,71,169,109,135,29,138,75,25,9,54,91,562,0.464,0.42,0.807
853,Shabazz Napier,40,1404,213,496,87,215,207,238,38,234,195,73,13,114,84,720,0.429,0.405,0.87
854,Clint Capela,No College Data,,,,,,,,,,,,,,,,,,
855,P.J. Hairston,34,804,159,369,89,225,88,113,65,147,46,43,14,39,64,495,0.431,0.396,0.779
856,Bogdan Bogdanovic,No College Data,,,,,,,,,,,,,,,,,,
857,C.J. Wilcox,32,1116,197,435,90,230,103,118,22,119,81,32,32,54,75,587,0.453,0.391,0.873
858,Josh Huestis,36,1266,156,346,26,77,64,102,91,295,43,21,69,43,76,402,0.451,0.338,0.627
859,Kyle Anderson,36,1196,181,377,28,58,137,186,45,315,233,64,27,110,60,527,0.48,0.483,0.737
860,Damien Inglis,No College Data,,,,,,,,,,,,,,,,,,
861,K.J. McDaniels,36,1212,209,455,42,138,154,183,86,255,57,41,100,83,80,614,0.459,0.304,0.842
862,Joe Harris,37,1066,149,338,72,180,73,114,22,109,84,35,8,48,88,443,0.441,0.4,0.64
863,Cleanthony Early,36,986,187,386,66,177,151,179,48,213,27,29,28,70,83,591,0.484,0.373,0.844
864,Jarnell Stokes,37,1199,199,375,0,0,160,230,155,392,75,26,34,77,73,558,0.531,,0.696
865,Johnny O'Bryant III,34,1020,202,409,1,3,118,186,102,262,55,17,31,108,108,523,0.494,0.333,0.634
866,DeAndre Daniels,38,1103,188,401,50,120,70,89,55,228,17,26,54,56,90,496,0.469,0.417,0.787
867,Spencer Dinwiddie,17,529,61,131,26,63,102,119,8,52,64,26,4,30,32,250,0.466,0.413,0.857
868,Jerami Grant,32,1005,133,268,0,5,120,178,78,217,44,26,18,37,75,386,0.496,0,0.674
869,Glenn Robinson III,37,1194,182,373,33,108,87,115,54,164,44,35,11,46,55,484,0.488,0.306,0.757
870,Nikola Jokic,No College Data,,,,,,,,,,,,,,,,,,
871,Nick Johnson,38,1257,205,474,62,169,146,187,31,154,107,43,25,64,76,618,0.432,0.367,0.781
872,Walter Tavares,No College Data,,,,,,,,,,,,,,,,,,
873,Markel Brown,34,1201,190,402,55,145,149,194,36,179,99,34,35,55,86,584,0.473,0.379,0.768
874,Dwight Powell,36,1167,175,379,10,39,145,211,70,247,112,47,30,104,113,505,0.462,0.256,0.687
875,Jordan Clarkson,35,1228,209,467,32,114,162,195,28,134,118,38,6,93,76,612,0.448,0.281,0.831
876,Russ Smith,37,1084,225,481,70,181,153,217,29,122,172,74,4,105,92,673,0.468,0.387,0.705
877,Lamar Patterson,36,1174,202,458,80,206,132,175,35,175,154,51,12,93,73,616,0.441,0.388,0.754
878,Cameron Bairstow,34,1119,237,426,1,3,219,298,76,251,53,19,51,68,72,694,0.556,0.333,0.735
879,Alec Brown,30,909,165,347,42,100,88,121,63,171,30,15,94,65,67,460,0.476,0.42,0.727
880,Thanasis Antetokounmpo,No College Data,,,,,,,,,,,,,,,,,,
881,Vasilije Micic,No College Data,,,,,,,,,,,,,,,,,,
882,Alessandro Gentile,No College Data,,,,,,,,,,,,,,,,,,
883,Nemanja Dangubic,No College Data,,,,,,,,,,,,,,,,,,
884,Semaj Christon,34,1200,201,420,19,49,157,235,15,91,142,45,8,89,72,578,0.479,0.388,0.668
885,Roy Devyn Marble,33,995,183,436,52,149,142,199,26,106,118,60,7,57,64,560,0.42,0.349,0.714
886,Louis Labeyrie,No College Data,,,,,,,,,,,,,,,,,,
887,Jordan McRae,37,1190,223,512,79,225,167,212,26,128,91,25,38,77,78,692,0.436,0.351,0.788
888,Xavier Thames,36,1126,188,457,61,163,196,235,21,104,116,59,5,51,71,633,0.411,0.374,0.834
889,Cory Jefferson,38,1103,184,368,14,38,137,214,107,312,37,15,49,51,83,519,0.5,0.368,0.64